player_name,jersey_number,team,position,is_substitute,minutes_played,sub_info,action_type,x,y,end_x,end_y,is_successful,outcome,opta_points,oyuncu_adi,aksiyon_turu,takim,mevki,forma_no,basarili,basarili_pas
Alexander Nübel,1,Beşiktaş JK,GK,False,90,Starter (Full 90'),Pass,10.52,47.32,26.14,49.47,True,Completed,7.2,Alexander Nübel,Pass,Beşiktaş JK,GK,1,True,1
Alexander Nübel,1,Beşiktaş JK,GK,False,90,Starter (Full 90'),Pass,16.17,19.27,36.44,30.02,True,Completed,7.2,Alexander Nübel,Pass,Beşiktaş JK,GK,1,True,1
Alexander Nübel,1,Beşiktaş JK,GK,False,90,Starter (Full 90'),Pass,9.08,30.37,20.22,23.8,True,Completed,7.2,Alexander Nübel,Pass,Beşiktaş JK,GK,1,True,1
Alexander Nübel,1,Beşiktaş JK,GK,False,90,Starter (Full 90'),Pass,17.7,29.75,46.5,23.97,True,Completed,7.2,Alexander Nübel,Pass,Beşiktaş JK,GK,1,True,1
Alexander Nübel,1,Beşiktaş JK,GK,False,90,Starter (Full 90'),Pass,7.8,30.11,26.84,38.24,True,Completed,7.2,Alexander Nübel,Pass,Beşiktaş JK,GK,1,True,1
Alexander Nübel,1,Beşiktaş JK,GK,False,90,Starter (Full 90'),Pass,17.7,54.18,47.28,47.63,True,Completed,7.2,Alexander Nübel,Pass,Beşiktaş JK,GK,1,True,1
Alexander Nübel,1,Beşiktaş JK,GK,False,90,Starter (Full 90'),Pass,11.58,38.57,18.63,25.75,True,Completed,7.2,Alexander Nübel,Pass,Beşiktaş JK,GK,1,True,1
Alexander Nübel,1,Beşiktaş JK,GK,False,90,Starter (Full 90'),Pass,22.57,19.26,39.51,23.59,True,Completed,7.2,Alexander Nübel,Pass,Beşiktaş JK,GK,1,True,1
Alexander Nübel,1,Beşiktaş JK,GK,False,90,Starter (Full 90'),Pass,27.67,46.17,54.25,57.97,True,Completed,7.2,Alexander Nübel,Pass,Beşiktaş JK,GK,1,True,1
Alexander Nübel,1,Beşiktaş JK,GK,False,90,Starter (Full 90'),Pass,18.11,50.11,49.07,63.38,True,Completed,7.2,Alexander Nübel,Pass,Beşiktaş JK,GK,1,True,1
Alexander Nübel,1,Beşiktaş JK,GK,False,90,Starter (Full 90'),Pass,22.25,57.91,25.49,45.74,False,Incompleted,7.2,Alexander Nübel,Pass,Beşiktaş JK,GK,1,False,0
Alexander Nübel,1,Beşiktaş JK,GK,False,90,Starter (Full 90'),Pass,4.0,39.54,16.8,42.05,True,Completed,7.2,Alexander Nübel,Pass,Beşiktaş JK,GK,1,True,1
Alexander Nübel,1,Beşiktaş JK,GK,False,90,Starter (Full 90'),Pass,21.83,39.76,49.99,43.86,True,Completed,7.2,Alexander Nübel,Pass,Beşiktaş JK,GK,1,True,1
Alexander Nübel,1,Beşiktaş JK,GK,False,90,Starter (Full 90'),Pass,7.34,38.08,38.49,24.76,True,Completed,7.2,Alexander Nübel,Pass,Beşiktaş JK,GK,1,True,1
Alexander Nübel,1,Beşiktaş JK,GK,False,90,Starter (Full 90'),Pass,9.87,6.33,12.42,28.92,True,Completed,7.2,Alexander Nübel,Pass,Beşiktaş JK,GK,1,True,1
Alexander Nübel,1,Beşiktaş JK,GK,False,90,Starter (Full 90'),Pass,15.64,50.06,38.76,72.2,True,Completed,7.2,Alexander Nübel,Pass,Beşiktaş JK,GK,1,True,1
Alexander Nübel,1,Beşiktaş JK,GK,False,90,Starter (Full 90'),Pass,7.97,17.4,20.9,9.7,True,Completed,7.2,Alexander Nübel,Pass,Beşiktaş JK,GK,1,True,1
Alexander Nübel,1,Beşiktaş JK,GK,False,90,Starter (Full 90'),Pass,9.48,52.86,42.23,40.98,False,Incompleted,7.2,Alexander Nübel,Pass,Beşiktaş JK,GK,1,False,0
Alexander Nübel,1,Beşiktaş JK,GK,False,90,Starter (Full 90'),Pass,17.37,40.69,41.12,30.08,True,Completed,7.2,Alexander Nübel,Pass,Beşiktaş JK,GK,1,True,1
Alexander Nübel,1,Beşiktaş JK,GK,False,90,Starter (Full 90'),Pass,4.74,75.52,28.56,71.35,True,Completed,7.2,Alexander Nübel,Pass,Beşiktaş JK,GK,1,True,1
Alexander Nübel,1,Beşiktaş JK,GK,False,90,Starter (Full 90'),Pass,10.65,36.04,31.53,33.37,False,Incompleted,7.2,Alexander Nübel,Pass,Beşiktaş JK,GK,1,False,0
Alexander Nübel,1,Beşiktaş JK,GK,False,90,Starter (Full 90'),Pass,5.75,53.94,22.71,56.4,True,Completed,7.2,Alexander Nübel,Pass,Beşiktaş JK,GK,1,True,1
Alexander Nübel,1,Beşiktaş JK,GK,False,90,Starter (Full 90'),Pass,9.6,56.71,25.25,47.2,True,Completed,7.2,Alexander Nübel,Pass,Beşiktaş JK,GK,1,True,1
Alexander Nübel,1,Beşiktaş JK,GK,False,90,Starter (Full 90'),Pass,13.83,34.16,38.96,32.74,True,Completed,7.2,Alexander Nübel,Pass,Beşiktaş JK,GK,1,True,1
Alexander Nübel,1,Beşiktaş JK,GK,False,90,Starter (Full 90'),Interception,17.69,47.56,25.89,47.92,True,Intercepted,7.2,Alexander Nübel,Interception,Beşiktaş JK,GK,1,True,1
Amir Murillo,62,Beşiktaş JK,DF,False,90,Starter (Full 90') ⚽ (12'),Pass,29.82,64.89,51.77,78.0,True,Completed,8.22,Amir Murillo,Pass,Beşiktaş JK,DF,62,True,1
Amir Murillo,62,Beşiktaş JK,DF,False,90,Starter (Full 90') ⚽ (12'),Pass,26.08,69.69,38.17,52.8,True,Completed,8.22,Amir Murillo,Pass,Beşiktaş JK,DF,62,True,1
Amir Murillo,62,Beşiktaş JK,DF,False,90,Starter (Full 90') ⚽ (12'),Pass,84.88,76.0,114.1,72.46,True,Completed,8.22,Amir Murillo,Pass,Beşiktaş JK,DF,62,True,1
Amir Murillo,62,Beşiktaş JK,DF,False,90,Starter (Full 90') ⚽ (12'),Pass,104.73,76.0,118.0,54.86,True,Completed,8.22,Amir Murillo,Pass,Beşiktaş JK,DF,62,True,1
Amir Murillo,62,Beşiktaş JK,DF,False,90,Starter (Full 90') ⚽ (12'),Pass,42.08,69.47,67.08,78.0,True,Completed,8.22,Amir Murillo,Pass,Beşiktaş JK,DF,62,True,1
Amir Murillo,62,Beşiktaş JK,DF,False,90,Starter (Full 90') ⚽ (12'),Pass,57.01,76.0,56.84,78.0,True,Completed,8.22,Amir Murillo,Pass,Beşiktaş JK,DF,62,True,1
Amir Murillo,62,Beşiktaş JK,DF,False,90,Starter (Full 90') ⚽ (12'),Pass,62.95,50.79,67.79,61.8,False,Incompleted,8.22,Amir Murillo,Pass,Beşiktaş JK,DF,62,False,0
Amir Murillo,62,Beşiktaş JK,DF,False,90,Starter (Full 90') ⚽ (12'),Pass,61.04,49.72,90.05,44.86,True,Completed,8.22,Amir Murillo,Pass,Beşiktaş JK,DF,62,True,1
Amir Murillo,62,Beşiktaş JK,DF,False,90,Starter (Full 90') ⚽ (12'),Pass,35.7,74.77,67.43,78.0,True,Completed,8.22,Amir Murillo,Pass,Beşiktaş JK,DF,62,True,1
Amir Murillo,62,Beşiktaş JK,DF,False,90,Starter (Full 90') ⚽ (12'),Pass,64.57,55.23,88.18,53.55,True,Completed,8.22,Amir Murillo,Pass,Beşiktaş JK,DF,62,True,1
Amir Murillo,62,Beşiktaş JK,DF,False,90,Starter (Full 90') ⚽ (12'),Pass,54.61,73.73,40.15,42.79,True,Completed,8.22,Amir Murillo,Pass,Beşiktaş JK,DF,62,True,1
Amir Murillo,62,Beşiktaş JK,DF,False,90,Starter (Full 90') ⚽ (12'),Pass,104.58,69.12,118.0,41.08,True,Completed,8.22,Amir Murillo,Pass,Beşiktaş JK,DF,62,True,1
Amir Murillo,62,Beşiktaş JK,DF,False,90,Starter (Full 90') ⚽ (12'),Pass,83.12,60.98,102.41,57.81,True,Completed,8.22,Amir Murillo,Pass,Beşiktaş JK,DF,62,True,1
Amir Murillo,62,Beşiktaş JK,DF,False,90,Starter (Full 90') ⚽ (12'),Pass,48.59,76.0,81.89,78.0,False,Incompleted,8.22,Amir Murillo,Pass,Beşiktaş JK,DF,62,False,0
Amir Murillo,62,Beşiktaş JK,DF,False,90,Starter (Full 90') ⚽ (12'),Pass,51.78,70.2,67.43,74.73,False,Incompleted,8.22,Amir Murillo,Pass,Beşiktaş JK,DF,62,False,0
Amir Murillo,62,Beşiktaş JK,DF,False,90,Starter (Full 90') ⚽ (12'),Pass,46.92,52.16,68.56,28.63,True,Completed,8.22,Amir Murillo,Pass,Beşiktaş JK,DF,62,True,1
Amir Murillo,62,Beşiktaş JK,DF,False,90,Starter (Full 90') ⚽ (12'),Pass,65.58,64.95,90.44,62.74,True,Completed,8.22,Amir Murillo,Pass,Beşiktaş JK,DF,62,True,1
Amir Murillo,62,Beşiktaş JK,DF,False,90,Starter (Full 90') ⚽ (12'),Pass,59.15,76.0,77.12,76.2,True,Completed,8.22,Amir Murillo,Pass,Beşiktaş JK,DF,62,True,1
Amir Murillo,62,Beşiktaş JK,DF,False,90,Starter (Full 90') ⚽ (12'),Pass,10.02,70.15,26.39,78.0,True,Completed,8.22,Amir Murillo,Pass,Beşiktaş JK,DF,62,True,1
Amir Murillo,62,Beşiktaş JK,DF,False,90,Starter (Full 90') ⚽ (12'),Pass,110.41,75.84,118.0,78.0,True,Completed,8.22,Amir Murillo,Pass,Beşiktaş JK,DF,62,True,1
Amir Murillo,62,Beşiktaş JK,DF,False,90,Starter (Full 90') ⚽ (12'),Pass,105.44,70.46,118.0,78.0,False,Incompleted,8.22,Amir Murillo,Pass,Beşiktaş JK,DF,62,False,0
Amir Murillo,62,Beşiktaş JK,DF,False,90,Starter (Full 90') ⚽ (12'),Pass,59.86,61.43,91.43,53.98,True,Completed,8.22,Amir Murillo,Pass,Beşiktaş JK,DF,62,True,1
Amir Murillo,62,Beşiktaş JK,DF,False,90,Starter (Full 90') ⚽ (12'),Pass,34.76,76.0,59.81,78.0,True,Completed,8.22,Amir Murillo,Pass,Beşiktaş JK,DF,62,True,1
Amir Murillo,62,Beşiktaş JK,DF,False,90,Starter (Full 90') ⚽ (12'),Pass,83.64,69.37,115.89,66.17,True,Completed,8.22,Amir Murillo,Pass,Beşiktaş JK,DF,62,True,1
Amir Murillo,62,Beşiktaş JK,DF,False,90,Starter (Full 90') ⚽ (12'),Pass,46.73,54.26,66.0,76.55,True,Completed,8.22,Amir Murillo,Pass,Beşiktaş JK,DF,62,True,1
Amir Murillo,62,Beşiktaş JK,DF,False,90,Starter (Full 90') ⚽ (12'),Pass,80.94,66.05,83.99,78.0,True,Completed,8.22,Amir Murillo,Pass,Beşiktaş JK,DF,62,True,1
Amir Murillo,62,Beşiktaş JK,DF,False,90,Starter (Full 90') ⚽ (12'),Pass,43.9,67.51,59.38,77.53,True,Completed,8.22,Amir Murillo,Pass,Beşiktaş JK,DF,62,True,1
Amir Murillo,62,Beşiktaş JK,DF,False,90,Starter (Full 90') ⚽ (12'),Pass,54.65,70.11,73.83,78.0,True,Completed,8.22,Amir Murillo,Pass,Beşiktaş JK,DF,62,True,1
Amir Murillo,62,Beşiktaş JK,DF,False,90,Starter (Full 90') ⚽ (12'),Pass,81.45,58.71,99.2,78.0,False,Incompleted,8.22,Amir Murillo,Pass,Beşiktaş JK,DF,62,False,0
Amir Murillo,62,Beşiktaş JK,DF,False,90,Starter (Full 90') ⚽ (12'),Pass,89.77,76.0,97.18,78.0,True,Completed,8.22,Amir Murillo,Pass,Beşiktaş JK,DF,62,True,1
Amir Murillo,62,Beşiktaş JK,DF,False,90,Starter (Full 90') ⚽ (12'),Pass,51.68,57.65,74.0,60.81,False,Incompleted,8.22,Amir Murillo,Pass,Beşiktaş JK,DF,62,False,0
Amir Murillo,62,Beşiktaş JK,DF,False,90,Starter (Full 90') ⚽ (12'),Pass,33.47,76.0,34.6,78.0,True,Completed,8.22,Amir Murillo,Pass,Beşiktaş JK,DF,62,True,1
Amir Murillo,62,Beşiktaş JK,DF,False,90,Starter (Full 90') ⚽ (12'),Pass,85.23,76.0,97.54,60.32,True,Completed,8.22,Amir Murillo,Pass,Beşiktaş JK,DF,62,True,1
Amir Murillo,62,Beşiktaş JK,DF,False,90,Starter (Full 90') ⚽ (12'),Pass,57.07,76.0,75.63,78.0,True,Completed,8.22,Amir Murillo,Pass,Beşiktaş JK,DF,62,True,1
Amir Murillo,62,Beşiktaş JK,DF,False,90,Starter (Full 90') ⚽ (12'),Pass,96.85,57.51,105.19,46.83,False,Incompleted,8.22,Amir Murillo,Pass,Beşiktaş JK,DF,62,False,0
Amir Murillo,62,Beşiktaş JK,DF,False,90,Starter (Full 90') ⚽ (12'),Pass,87.01,59.04,111.08,66.0,True,Completed,8.22,Amir Murillo,Pass,Beşiktaş JK,DF,62,True,1
Amir Murillo,62,Beşiktaş JK,DF,False,90,Starter (Full 90') ⚽ (12'),Pass,64.43,76.0,84.49,52.96,True,Completed,8.22,Amir Murillo,Pass,Beşiktaş JK,DF,62,True,1
Amir Murillo,62,Beşiktaş JK,DF,False,90,Starter (Full 90') ⚽ (12'),Pass,101.79,64.2,114.96,60.55,True,Completed,8.22,Amir Murillo,Pass,Beşiktaş JK,DF,62,True,1
Amir Murillo,62,Beşiktaş JK,DF,False,90,Starter (Full 90') ⚽ (12'),Pass,59.56,76.0,69.87,78.0,True,Completed,8.22,Amir Murillo,Pass,Beşiktaş JK,DF,62,True,1
Amir Murillo,62,Beşiktaş JK,DF,False,90,Starter (Full 90') ⚽ (12'),Pass,94.29,76.0,102.66,78.0,True,Completed,8.22,Amir Murillo,Pass,Beşiktaş JK,DF,62,True,1
Amir Murillo,62,Beşiktaş JK,DF,False,90,Starter (Full 90') ⚽ (12'),Pass,65.69,76.0,59.1,78.0,False,Incompleted,8.22,Amir Murillo,Pass,Beşiktaş JK,DF,62,False,0
Amir Murillo,62,Beşiktaş JK,DF,False,90,Starter (Full 90') ⚽ (12'),Pass,86.4,72.68,118.0,65.69,False,Incompleted,8.22,Amir Murillo,Pass,Beşiktaş JK,DF,62,False,0
Amir Murillo,62,Beşiktaş JK,DF,False,90,Starter (Full 90') ⚽ (12'),Pass,116.0,61.41,118.0,53.06,True,Completed,8.22,Amir Murillo,Pass,Beşiktaş JK,DF,62,True,1
Amir Murillo,62,Beşiktaş JK,DF,False,90,Starter (Full 90') ⚽ (12'),Pass,61.73,67.55,80.02,63.24,True,Completed,8.22,Amir Murillo,Pass,Beşiktaş JK,DF,62,True,1
Amir Murillo,62,Beşiktaş JK,DF,False,90,Starter (Full 90') ⚽ (12'),Pass,89.71,60.32,117.39,78.0,False,Incompleted,8.22,Amir Murillo,Pass,Beşiktaş JK,DF,62,False,0
Amir Murillo,62,Beşiktaş JK,DF,False,90,Starter (Full 90') ⚽ (12'),Pass,57.79,61.08,90.82,50.02,False,Incompleted,8.22,Amir Murillo,Pass,Beşiktaş JK,DF,62,False,0
Amir Murillo,62,Beşiktaş JK,DF,False,90,Starter (Full 90') ⚽ (12'),Pass,74.57,76.0,87.16,78.0,True,Completed,8.22,Amir Murillo,Pass,Beşiktaş JK,DF,62,True,1
Amir Murillo,62,Beşiktaş JK,DF,False,90,Starter (Full 90') ⚽ (12'),Pass,57.7,69.42,88.08,64.2,True,Completed,8.22,Amir Murillo,Pass,Beşiktaş JK,DF,62,True,1
Amir Murillo,62,Beşiktaş JK,DF,False,90,Starter (Full 90') ⚽ (12'),Pass,50.73,76.0,61.21,78.0,True,Completed,8.22,Amir Murillo,Pass,Beşiktaş JK,DF,62,True,1
Amir Murillo,62,Beşiktaş JK,DF,False,90,Starter (Full 90') ⚽ (12'),Pass,40.02,69.66,48.77,78.0,True,Completed,8.22,Amir Murillo,Pass,Beşiktaş JK,DF,62,True,1
Amir Murillo,62,Beşiktaş JK,DF,False,90,Starter (Full 90') ⚽ (12'),Pass,95.48,67.62,118.0,54.86,True,Completed,8.22,Amir Murillo,Pass,Beşiktaş JK,DF,62,True,1
Amir Murillo,62,Beşiktaş JK,DF,False,90,Starter (Full 90') ⚽ (12'),Pass,30.26,55.36,45.25,42.65,True,Completed,8.22,Amir Murillo,Pass,Beşiktaş JK,DF,62,True,1
Amir Murillo,62,Beşiktaş JK,DF,False,90,Starter (Full 90') ⚽ (12'),Pass,48.2,61.78,68.75,42.24,True,Completed,8.22,Amir Murillo,Pass,Beşiktaş JK,DF,62,True,1
Amir Murillo,62,Beşiktaş JK,DF,False,90,Starter (Full 90') ⚽ (12'),Shot,102.94,43.56,120.0,40.67,True,On Target / Blocked,8.22,Amir Murillo,Shot,Beşiktaş JK,DF,62,True,1
Amir Murillo,62,Beşiktaş JK,DF,False,90,Starter (Full 90') ⚽ (12'),Shot,102.67,40.5,120.0,44.0,True,On Target / Blocked,8.22,Amir Murillo,Shot,Beşiktaş JK,DF,62,True,1
Amir Murillo,62,Beşiktaş JK,DF,False,90,Starter (Full 90') ⚽ (12'),Chance Created,95.86,30.62,102.23,28.5,True,Key Pass Delivered,8.22,Amir Murillo,Chance Created,Beşiktaş JK,DF,62,True,1
Amir Murillo,62,Beşiktaş JK,DF,False,90,Starter (Full 90') ⚽ (12'),Chance Created,94.73,41.97,105.37,38.56,True,Key Pass Delivered,8.22,Amir Murillo,Chance Created,Beşiktaş JK,DF,62,True,1
Amir Murillo,62,Beşiktaş JK,DF,False,90,Starter (Full 90') ⚽ (12'),Chance Created,94.1,12.0,109.13,50.97,True,Key Pass Delivered,8.22,Amir Murillo,Chance Created,Beşiktaş JK,DF,62,True,1
Amir Murillo,62,Beşiktaş JK,DF,False,90,Starter (Full 90') ⚽ (12'),Foul Won,110.0,75.0,110.0,75.0,True,Free Kick Awarded,8.22,Amir Murillo,Foul Won,Beşiktaş JK,DF,62,True,1
Amir Murillo,62,Beşiktaş JK,DF,False,90,Starter (Full 90') ⚽ (12'),Foul Won,51.54,72.84,51.54,72.84,True,Free Kick Awarded,8.22,Amir Murillo,Foul Won,Beşiktaş JK,DF,62,True,1
Amir Murillo,62,Beşiktaş JK,DF,False,90,Starter (Full 90') ⚽ (12'),Foul Won,63.24,75.0,63.24,75.0,True,Free Kick Awarded,8.22,Amir Murillo,Foul Won,Beşiktaş JK,DF,62,True,1
Tiago Djaló,35,Beşiktaş JK,DF,False,90,Starter (Full 90'),Pass,28.43,50.26,51.42,40.65,True,Completed,7.8,Tiago Djaló,Pass,Beşiktaş JK,DF,35,True,1
Tiago Djaló,35,Beşiktaş JK,DF,False,90,Starter (Full 90'),Pass,37.8,51.16,58.03,64.14,True,Completed,7.8,Tiago Djaló,Pass,Beşiktaş JK,DF,35,True,1
Tiago Djaló,35,Beşiktaş JK,DF,False,90,Starter (Full 90'),Pass,40.88,61.24,59.72,42.46,True,Completed,7.8,Tiago Djaló,Pass,Beşiktaş JK,DF,35,True,1
Tiago Djaló,35,Beşiktaş JK,DF,False,90,Starter (Full 90'),Pass,37.03,32.8,70.08,22.41,True,Completed,7.8,Tiago Djaló,Pass,Beşiktaş JK,DF,35,True,1
Tiago Djaló,35,Beşiktaş JK,DF,False,90,Starter (Full 90'),Pass,49.0,66.22,62.0,58.75,True,Completed,7.8,Tiago Djaló,Pass,Beşiktaş JK,DF,35,True,1
Tiago Djaló,35,Beşiktaş JK,DF,False,90,Starter (Full 90'),Pass,29.19,48.67,59.34,40.94,True,Completed,7.8,Tiago Djaló,Pass,Beşiktaş JK,DF,35,True,1
Tiago Djaló,35,Beşiktaş JK,DF,False,90,Starter (Full 90'),Pass,28.78,32.26,49.94,40.5,True,Completed,7.8,Tiago Djaló,Pass,Beşiktaş JK,DF,35,True,1
Tiago Djaló,35,Beşiktaş JK,DF,False,90,Starter (Full 90'),Pass,54.03,64.95,72.21,78.0,True,Completed,7.8,Tiago Djaló,Pass,Beşiktaş JK,DF,35,True,1
Tiago Djaló,35,Beşiktaş JK,DF,False,90,Starter (Full 90'),Pass,15.15,64.87,41.84,65.79,True,Completed,7.8,Tiago Djaló,Pass,Beşiktaş JK,DF,35,True,1
Tiago Djaló,35,Beşiktaş JK,DF,False,90,Starter (Full 90'),Pass,42.06,69.5,71.03,65.02,True,Completed,7.8,Tiago Djaló,Pass,Beşiktaş JK,DF,35,True,1
Tiago Djaló,35,Beşiktaş JK,DF,False,90,Starter (Full 90'),Pass,60.47,37.41,87.26,34.4,True,Completed,7.8,Tiago Djaló,Pass,Beşiktaş JK,DF,35,True,1
Tiago Djaló,35,Beşiktaş JK,DF,False,90,Starter (Full 90'),Pass,35.57,66.94,63.36,57.03,True,Completed,7.8,Tiago Djaló,Pass,Beşiktaş JK,DF,35,True,1
Tiago Djaló,35,Beşiktaş JK,DF,False,90,Starter (Full 90'),Pass,29.43,64.32,47.32,78.0,True,Completed,7.8,Tiago Djaló,Pass,Beşiktaş JK,DF,35,True,1
Tiago Djaló,35,Beşiktaş JK,DF,False,90,Starter (Full 90'),Pass,52.36,43.7,74.95,49.42,True,Completed,7.8,Tiago Djaló,Pass,Beşiktaş JK,DF,35,True,1
Tiago Djaló,35,Beşiktaş JK,DF,False,90,Starter (Full 90'),Pass,43.03,39.14,63.08,24.6,True,Completed,7.8,Tiago Djaló,Pass,Beşiktaş JK,DF,35,True,1
Tiago Djaló,35,Beşiktaş JK,DF,False,90,Starter (Full 90'),Pass,26.57,50.05,55.45,52.43,True,Completed,7.8,Tiago Djaló,Pass,Beşiktaş JK,DF,35,True,1
Tiago Djaló,35,Beşiktaş JK,DF,False,90,Starter (Full 90'),Pass,66.46,64.86,80.5,78.0,True,Completed,7.8,Tiago Djaló,Pass,Beşiktaş JK,DF,35,True,1
Tiago Djaló,35,Beşiktaş JK,DF,False,90,Starter (Full 90'),Pass,61.52,66.34,85.47,48.29,True,Completed,7.8,Tiago Djaló,Pass,Beşiktaş JK,DF,35,True,1
Tiago Djaló,35,Beşiktaş JK,DF,False,90,Starter (Full 90'),Pass,33.86,50.21,58.87,53.42,True,Completed,7.8,Tiago Djaló,Pass,Beşiktaş JK,DF,35,True,1
Tiago Djaló,35,Beşiktaş JK,DF,False,90,Starter (Full 90'),Pass,55.58,56.54,64.79,70.33,True,Completed,7.8,Tiago Djaló,Pass,Beşiktaş JK,DF,35,True,1
Tiago Djaló,35,Beşiktaş JK,DF,False,90,Starter (Full 90'),Pass,31.3,46.9,53.54,44.03,True,Completed,7.8,Tiago Djaló,Pass,Beşiktaş JK,DF,35,True,1
Tiago Djaló,35,Beşiktaş JK,DF,False,90,Starter (Full 90'),Pass,42.5,18.53,62.02,41.69,True,Completed,7.8,Tiago Djaló,Pass,Beşiktaş JK,DF,35,True,1
Tiago Djaló,35,Beşiktaş JK,DF,False,90,Starter (Full 90'),Pass,55.27,60.61,88.15,49.55,True,Completed,7.8,Tiago Djaló,Pass,Beşiktaş JK,DF,35,True,1
Tiago Djaló,35,Beşiktaş JK,DF,False,90,Starter (Full 90'),Pass,14.84,64.96,38.6,72.28,True,Completed,7.8,Tiago Djaló,Pass,Beşiktaş JK,DF,35,True,1
Tiago Djaló,35,Beşiktaş JK,DF,False,90,Starter (Full 90'),Pass,33.56,49.47,51.83,67.82,True,Completed,7.8,Tiago Djaló,Pass,Beşiktaş JK,DF,35,True,1
Tiago Djaló,35,Beşiktaş JK,DF,False,90,Starter (Full 90'),Pass,24.83,57.31,48.39,68.0,True,Completed,7.8,Tiago Djaló,Pass,Beşiktaş JK,DF,35,True,1
Tiago Djaló,35,Beşiktaş JK,DF,False,90,Starter (Full 90'),Pass,55.53,55.7,72.56,74.68,True,Completed,7.8,Tiago Djaló,Pass,Beşiktaş JK,DF,35,True,1
Tiago Djaló,35,Beşiktaş JK,DF,False,90,Starter (Full 90'),Pass,55.22,50.38,65.97,73.04,True,Completed,7.8,Tiago Djaló,Pass,Beşiktaş JK,DF,35,True,1
Tiago Djaló,35,Beşiktaş JK,DF,False,90,Starter (Full 90'),Pass,30.94,45.22,54.43,58.04,True,Completed,7.8,Tiago Djaló,Pass,Beşiktaş JK,DF,35,True,1
Tiago Djaló,35,Beşiktaş JK,DF,False,90,Starter (Full 90'),Pass,10.89,34.47,36.95,41.55,True,Completed,7.8,Tiago Djaló,Pass,Beşiktaş JK,DF,35,True,1
Tiago Djaló,35,Beşiktaş JK,DF,False,90,Starter (Full 90'),Pass,40.26,54.83,71.94,48.23,True,Completed,7.8,Tiago Djaló,Pass,Beşiktaş JK,DF,35,True,1
Tiago Djaló,35,Beşiktaş JK,DF,False,90,Starter (Full 90'),Pass,24.43,67.27,40.76,76.92,True,Completed,7.8,Tiago Djaló,Pass,Beşiktaş JK,DF,35,True,1
Tiago Djaló,35,Beşiktaş JK,DF,False,90,Starter (Full 90'),Pass,33.74,26.31,41.99,35.26,True,Completed,7.8,Tiago Djaló,Pass,Beşiktaş JK,DF,35,True,1
Tiago Djaló,35,Beşiktaş JK,DF,False,90,Starter (Full 90'),Pass,56.35,46.44,82.32,49.33,True,Completed,7.8,Tiago Djaló,Pass,Beşiktaş JK,DF,35,True,1
Tiago Djaló,35,Beşiktaş JK,DF,False,90,Starter (Full 90'),Pass,73.28,71.28,99.48,70.06,True,Completed,7.8,Tiago Djaló,Pass,Beşiktaş JK,DF,35,True,1
Tiago Djaló,35,Beşiktaş JK,DF,False,90,Starter (Full 90'),Pass,60.33,42.3,67.81,22.86,False,Incompleted,7.8,Tiago Djaló,Pass,Beşiktaş JK,DF,35,False,0
Tiago Djaló,35,Beşiktaş JK,DF,False,90,Starter (Full 90'),Pass,43.45,61.79,75.0,51.66,True,Completed,7.8,Tiago Djaló,Pass,Beşiktaş JK,DF,35,True,1
Tiago Djaló,35,Beşiktaş JK,DF,False,90,Starter (Full 90'),Pass,50.73,52.54,74.59,41.17,True,Completed,7.8,Tiago Djaló,Pass,Beşiktaş JK,DF,35,True,1
Tiago Djaló,35,Beşiktaş JK,DF,False,90,Starter (Full 90'),Pass,52.17,57.64,70.44,58.47,True,Completed,7.8,Tiago Djaló,Pass,Beşiktaş JK,DF,35,True,1
Tiago Djaló,35,Beşiktaş JK,DF,False,90,Starter (Full 90'),Pass,61.64,38.82,78.19,55.78,True,Completed,7.8,Tiago Djaló,Pass,Beşiktaş JK,DF,35,True,1
Tiago Djaló,35,Beşiktaş JK,DF,False,90,Starter (Full 90'),Pass,52.39,34.01,65.41,54.83,True,Completed,7.8,Tiago Djaló,Pass,Beşiktaş JK,DF,35,True,1
Tiago Djaló,35,Beşiktaş JK,DF,False,90,Starter (Full 90'),Pass,24.4,46.97,42.32,30.32,True,Completed,7.8,Tiago Djaló,Pass,Beşiktaş JK,DF,35,True,1
Tiago Djaló,35,Beşiktaş JK,DF,False,90,Starter (Full 90'),Pass,46.19,54.12,66.27,49.07,False,Incompleted,7.8,Tiago Djaló,Pass,Beşiktaş JK,DF,35,False,0
Tiago Djaló,35,Beşiktaş JK,DF,False,90,Starter (Full 90'),Pass,50.9,32.36,70.75,48.41,True,Completed,7.8,Tiago Djaló,Pass,Beşiktaş JK,DF,35,True,1
Tiago Djaló,35,Beşiktaş JK,DF,False,90,Starter (Full 90'),Pass,78.83,47.17,111.56,47.98,True,Completed,7.8,Tiago Djaló,Pass,Beşiktaş JK,DF,35,True,1
Tiago Djaló,35,Beşiktaş JK,DF,False,90,Starter (Full 90'),Pass,39.59,58.34,38.13,78.0,False,Incompleted,7.8,Tiago Djaló,Pass,Beşiktaş JK,DF,35,False,0
Tiago Djaló,35,Beşiktaş JK,DF,False,90,Starter (Full 90'),Pass,57.42,76.0,75.64,78.0,True,Completed,7.8,Tiago Djaló,Pass,Beşiktaş JK,DF,35,True,1
Tiago Djaló,35,Beşiktaş JK,DF,False,90,Starter (Full 90'),Pass,38.99,37.19,51.39,50.74,True,Completed,7.8,Tiago Djaló,Pass,Beşiktaş JK,DF,35,True,1
Tiago Djaló,35,Beşiktaş JK,DF,False,90,Starter (Full 90'),Pass,56.27,65.47,39.13,78.0,True,Completed,7.8,Tiago Djaló,Pass,Beşiktaş JK,DF,35,True,1
Tiago Djaló,35,Beşiktaş JK,DF,False,90,Starter (Full 90'),Pass,41.86,46.45,55.29,53.17,True,Completed,7.8,Tiago Djaló,Pass,Beşiktaş JK,DF,35,True,1
Tiago Djaló,35,Beşiktaş JK,DF,False,90,Starter (Full 90'),Pass,63.73,49.92,89.35,68.51,True,Completed,7.8,Tiago Djaló,Pass,Beşiktaş JK,DF,35,True,1
Tiago Djaló,35,Beşiktaş JK,DF,False,90,Starter (Full 90'),Pass,72.23,44.89,101.44,59.7,True,Completed,7.8,Tiago Djaló,Pass,Beşiktaş JK,DF,35,True,1
Tiago Djaló,35,Beşiktaş JK,DF,False,90,Starter (Full 90'),Pass,45.43,73.78,64.33,66.07,True,Completed,7.8,Tiago Djaló,Pass,Beşiktaş JK,DF,35,True,1
Tiago Djaló,35,Beşiktaş JK,DF,False,90,Starter (Full 90'),Pass,33.86,67.99,41.44,78.0,True,Completed,7.8,Tiago Djaló,Pass,Beşiktaş JK,DF,35,True,1
Tiago Djaló,35,Beşiktaş JK,DF,False,90,Starter (Full 90'),Pass,52.48,46.12,71.46,56.43,True,Completed,7.8,Tiago Djaló,Pass,Beşiktaş JK,DF,35,True,1
Tiago Djaló,35,Beşiktaş JK,DF,False,90,Starter (Full 90'),Pass,51.69,76.0,60.3,78.0,False,Incompleted,7.8,Tiago Djaló,Pass,Beşiktaş JK,DF,35,False,0
Tiago Djaló,35,Beşiktaş JK,DF,False,90,Starter (Full 90'),Pass,45.33,76.0,58.37,66.21,True,Completed,7.8,Tiago Djaló,Pass,Beşiktaş JK,DF,35,True,1
Tiago Djaló,35,Beşiktaş JK,DF,False,90,Starter (Full 90'),Pass,44.9,49.58,77.01,42.65,True,Completed,7.8,Tiago Djaló,Pass,Beşiktaş JK,DF,35,True,1
Tiago Djaló,35,Beşiktaş JK,DF,False,90,Starter (Full 90'),Pass,67.33,35.99,99.01,21.14,True,Completed,7.8,Tiago Djaló,Pass,Beşiktaş JK,DF,35,True,1
Tiago Djaló,35,Beşiktaş JK,DF,False,90,Starter (Full 90'),Pass,29.43,62.33,43.79,51.23,True,Completed,7.8,Tiago Djaló,Pass,Beşiktaş JK,DF,35,True,1
Tiago Djaló,35,Beşiktaş JK,DF,False,90,Starter (Full 90'),Pass,16.74,76.0,39.34,78.0,True,Completed,7.8,Tiago Djaló,Pass,Beşiktaş JK,DF,35,True,1
Tiago Djaló,35,Beşiktaş JK,DF,False,90,Starter (Full 90'),Pass,60.32,76.0,87.09,72.17,True,Completed,7.8,Tiago Djaló,Pass,Beşiktaş JK,DF,35,True,1
Tiago Djaló,35,Beşiktaş JK,DF,False,90,Starter (Full 90'),Pass,48.6,67.82,70.8,78.0,True,Completed,7.8,Tiago Djaló,Pass,Beşiktaş JK,DF,35,True,1
Tiago Djaló,35,Beşiktaş JK,DF,False,90,Starter (Full 90'),Pass,20.82,65.11,36.12,61.86,True,Completed,7.8,Tiago Djaló,Pass,Beşiktaş JK,DF,35,True,1
Tiago Djaló,35,Beşiktaş JK,DF,False,90,Starter (Full 90'),Pass,55.86,49.95,87.34,40.1,True,Completed,7.8,Tiago Djaló,Pass,Beşiktaş JK,DF,35,True,1
Tiago Djaló,35,Beşiktaş JK,DF,False,90,Starter (Full 90'),Pass,37.45,57.57,61.97,48.11,True,Completed,7.8,Tiago Djaló,Pass,Beşiktaş JK,DF,35,True,1
Tiago Djaló,35,Beşiktaş JK,DF,False,90,Starter (Full 90'),Pass,27.48,41.47,47.71,51.57,True,Completed,7.8,Tiago Djaló,Pass,Beşiktaş JK,DF,35,True,1
Tiago Djaló,35,Beşiktaş JK,DF,False,90,Starter (Full 90'),Pass,33.75,56.39,46.07,57.28,True,Completed,7.8,Tiago Djaló,Pass,Beşiktaş JK,DF,35,True,1
Tiago Djaló,35,Beşiktaş JK,DF,False,90,Starter (Full 90'),Pass,36.39,66.7,35.67,78.0,True,Completed,7.8,Tiago Djaló,Pass,Beşiktaş JK,DF,35,True,1
Tiago Djaló,35,Beşiktaş JK,DF,False,90,Starter (Full 90'),Pass,42.46,65.22,50.32,78.0,True,Completed,7.8,Tiago Djaló,Pass,Beşiktaş JK,DF,35,True,1
Tiago Djaló,35,Beşiktaş JK,DF,False,90,Starter (Full 90'),Pass,14.37,53.01,24.68,44.06,True,Completed,7.8,Tiago Djaló,Pass,Beşiktaş JK,DF,35,True,1
Tiago Djaló,35,Beşiktaş JK,DF,False,90,Starter (Full 90'),Pass,4.0,60.56,17.88,58.41,True,Completed,7.8,Tiago Djaló,Pass,Beşiktaş JK,DF,35,True,1
Tiago Djaló,35,Beşiktaş JK,DF,False,90,Starter (Full 90'),Pass,60.1,42.38,92.31,47.59,True,Completed,7.8,Tiago Djaló,Pass,Beşiktaş JK,DF,35,True,1
Tiago Djaló,35,Beşiktaş JK,DF,False,90,Starter (Full 90'),Pass,46.42,65.73,57.99,53.47,True,Completed,7.8,Tiago Djaló,Pass,Beşiktaş JK,DF,35,True,1
Tiago Djaló,35,Beşiktaş JK,DF,False,90,Starter (Full 90'),Pass,31.62,35.13,55.54,49.79,True,Completed,7.8,Tiago Djaló,Pass,Beşiktaş JK,DF,35,True,1
Tiago Djaló,35,Beşiktaş JK,DF,False,90,Starter (Full 90'),Pass,38.46,63.63,48.78,77.12,True,Completed,7.8,Tiago Djaló,Pass,Beşiktaş JK,DF,35,True,1
Tiago Djaló,35,Beşiktaş JK,DF,False,90,Starter (Full 90'),Pass,64.61,49.68,81.23,32.82,True,Completed,7.8,Tiago Djaló,Pass,Beşiktaş JK,DF,35,True,1
Tiago Djaló,35,Beşiktaş JK,DF,False,90,Starter (Full 90'),Pass,61.79,64.34,79.63,78.0,False,Incompleted,7.8,Tiago Djaló,Pass,Beşiktaş JK,DF,35,False,0
Tiago Djaló,35,Beşiktaş JK,DF,False,90,Starter (Full 90'),Pass,55.5,33.43,67.46,24.54,True,Completed,7.8,Tiago Djaló,Pass,Beşiktaş JK,DF,35,True,1
Tiago Djaló,35,Beşiktaş JK,DF,False,90,Starter (Full 90'),Pass,62.4,43.87,75.46,54.72,True,Completed,7.8,Tiago Djaló,Pass,Beşiktaş JK,DF,35,True,1
Tiago Djaló,35,Beşiktaş JK,DF,False,90,Starter (Full 90'),Pass,44.38,42.6,68.16,49.57,True,Completed,7.8,Tiago Djaló,Pass,Beşiktaş JK,DF,35,True,1
Tiago Djaló,35,Beşiktaş JK,DF,False,90,Starter (Full 90'),Pass,54.47,62.09,87.68,72.52,True,Completed,7.8,Tiago Djaló,Pass,Beşiktaş JK,DF,35,True,1
Tiago Djaló,35,Beşiktaş JK,DF,False,90,Starter (Full 90'),Pass,37.81,32.88,39.8,61.22,False,Incompleted,7.8,Tiago Djaló,Pass,Beşiktaş JK,DF,35,False,0
Tiago Djaló,35,Beşiktaş JK,DF,False,90,Starter (Full 90'),Pass,25.63,74.21,43.28,76.03,True,Completed,7.8,Tiago Djaló,Pass,Beşiktaş JK,DF,35,True,1
Tiago Djaló,35,Beşiktaş JK,DF,False,90,Starter (Full 90'),Pass,48.05,28.92,74.3,50.41,True,Completed,7.8,Tiago Djaló,Pass,Beşiktaş JK,DF,35,True,1
Tiago Djaló,35,Beşiktaş JK,DF,False,90,Starter (Full 90'),Pass,30.79,62.09,49.53,58.48,True,Completed,7.8,Tiago Djaló,Pass,Beşiktaş JK,DF,35,True,1
Tiago Djaló,35,Beşiktaş JK,DF,False,90,Starter (Full 90'),Pass,37.15,49.33,51.12,37.54,True,Completed,7.8,Tiago Djaló,Pass,Beşiktaş JK,DF,35,True,1
Tiago Djaló,35,Beşiktaş JK,DF,False,90,Starter (Full 90'),Pass,63.65,36.79,76.73,64.07,True,Completed,7.8,Tiago Djaló,Pass,Beşiktaş JK,DF,35,True,1
Tiago Djaló,35,Beşiktaş JK,DF,False,90,Starter (Full 90'),Pass,37.25,76.0,54.3,78.0,True,Completed,7.8,Tiago Djaló,Pass,Beşiktaş JK,DF,35,True,1
Tiago Djaló,35,Beşiktaş JK,DF,False,90,Starter (Full 90'),Pass,59.99,48.11,87.9,59.72,True,Completed,7.8,Tiago Djaló,Pass,Beşiktaş JK,DF,35,True,1
Tiago Djaló,35,Beşiktaş JK,DF,False,90,Starter (Full 90'),Pass,25.16,51.94,36.61,77.68,True,Completed,7.8,Tiago Djaló,Pass,Beşiktaş JK,DF,35,True,1
Tiago Djaló,35,Beşiktaş JK,DF,False,90,Starter (Full 90'),Pass,25.88,51.82,51.97,41.02,True,Completed,7.8,Tiago Djaló,Pass,Beşiktaş JK,DF,35,True,1
Tiago Djaló,35,Beşiktaş JK,DF,False,90,Starter (Full 90'),Pass,25.95,54.19,44.02,76.06,False,Incompleted,7.8,Tiago Djaló,Pass,Beşiktaş JK,DF,35,False,0
Tiago Djaló,35,Beşiktaş JK,DF,False,90,Starter (Full 90'),Pass,44.85,46.25,78.37,52.58,True,Completed,7.8,Tiago Djaló,Pass,Beşiktaş JK,DF,35,True,1
Tiago Djaló,35,Beşiktaş JK,DF,False,90,Starter (Full 90'),Pass,47.34,51.07,59.89,41.78,True,Completed,7.8,Tiago Djaló,Pass,Beşiktaş JK,DF,35,True,1
Tiago Djaló,35,Beşiktaş JK,DF,False,90,Starter (Full 90'),Shot,109.93,24.42,120.0,41.98,True,On Target / Blocked,7.8,Tiago Djaló,Shot,Beşiktaş JK,DF,35,True,1
Tiago Djaló,35,Beşiktaş JK,DF,False,90,Starter (Full 90'),Interception,35.4,48.15,41.85,53.41,True,Intercepted,7.8,Tiago Djaló,Interception,Beşiktaş JK,DF,35,True,1
Emirhan Topçu,53,Beşiktaş JK,DF,False,90,Starter (Full 90') ⭐ (9.54),Pass,42.02,43.18,69.84,38.33,True,Completed,9.54,Emirhan Topçu,Pass,Beşiktaş JK,DF,53,True,1
Emirhan Topçu,53,Beşiktaş JK,DF,False,90,Starter (Full 90') ⭐ (9.54),Pass,64.64,30.8,83.33,30.21,True,Completed,9.54,Emirhan Topçu,Pass,Beşiktaş JK,DF,53,True,1
Emirhan Topçu,53,Beşiktaş JK,DF,False,90,Starter (Full 90') ⭐ (9.54),Pass,26.48,51.64,58.85,60.54,True,Completed,9.54,Emirhan Topçu,Pass,Beşiktaş JK,DF,53,True,1
Emirhan Topçu,53,Beşiktaş JK,DF,False,90,Starter (Full 90') ⭐ (9.54),Pass,53.24,12.11,56.22,41.0,True,Completed,9.54,Emirhan Topçu,Pass,Beşiktaş JK,DF,53,True,1
Emirhan Topçu,53,Beşiktaş JK,DF,False,90,Starter (Full 90') ⭐ (9.54),Pass,67.24,33.0,81.59,34.22,False,Incompleted,9.54,Emirhan Topçu,Pass,Beşiktaş JK,DF,53,False,0
Emirhan Topçu,53,Beşiktaş JK,DF,False,90,Starter (Full 90') ⭐ (9.54),Pass,79.45,24.02,93.32,43.63,True,Completed,9.54,Emirhan Topçu,Pass,Beşiktaş JK,DF,53,True,1
Emirhan Topçu,53,Beşiktaş JK,DF,False,90,Starter (Full 90') ⭐ (9.54),Pass,69.65,19.36,97.69,18.96,True,Completed,9.54,Emirhan Topçu,Pass,Beşiktaş JK,DF,53,True,1
Emirhan Topçu,53,Beşiktaş JK,DF,False,90,Starter (Full 90') ⭐ (9.54),Pass,80.76,27.08,106.82,19.25,True,Completed,9.54,Emirhan Topçu,Pass,Beşiktaş JK,DF,53,True,1
Emirhan Topçu,53,Beşiktaş JK,DF,False,90,Starter (Full 90') ⭐ (9.54),Pass,62.31,40.68,86.16,54.06,True,Completed,9.54,Emirhan Topçu,Pass,Beşiktaş JK,DF,53,True,1
Emirhan Topçu,53,Beşiktaş JK,DF,False,90,Starter (Full 90') ⭐ (9.54),Pass,29.6,25.79,46.31,15.35,False,Incompleted,9.54,Emirhan Topçu,Pass,Beşiktaş JK,DF,53,False,0
Emirhan Topçu,53,Beşiktaş JK,DF,False,90,Starter (Full 90') ⭐ (9.54),Pass,31.96,22.99,38.11,2.0,True,Completed,9.54,Emirhan Topçu,Pass,Beşiktaş JK,DF,53,True,1
Emirhan Topçu,53,Beşiktaş JK,DF,False,90,Starter (Full 90') ⭐ (9.54),Pass,60.11,28.16,76.54,43.68,True,Completed,9.54,Emirhan Topçu,Pass,Beşiktaş JK,DF,53,True,1
Emirhan Topçu,53,Beşiktaş JK,DF,False,90,Starter (Full 90') ⭐ (9.54),Pass,31.92,14.92,40.4,29.42,True,Completed,9.54,Emirhan Topçu,Pass,Beşiktaş JK,DF,53,True,1
Emirhan Topçu,53,Beşiktaş JK,DF,False,90,Starter (Full 90') ⭐ (9.54),Pass,53.06,17.69,80.87,28.23,True,Completed,9.54,Emirhan Topçu,Pass,Beşiktaş JK,DF,53,True,1
Emirhan Topçu,53,Beşiktaş JK,DF,False,90,Starter (Full 90') ⭐ (9.54),Pass,46.12,12.16,69.08,2.0,True,Completed,9.54,Emirhan Topçu,Pass,Beşiktaş JK,DF,53,True,1
Emirhan Topçu,53,Beşiktaş JK,DF,False,90,Starter (Full 90') ⭐ (9.54),Pass,24.4,28.64,42.82,2.54,True,Completed,9.54,Emirhan Topçu,Pass,Beşiktaş JK,DF,53,True,1
Emirhan Topçu,53,Beşiktaş JK,DF,False,90,Starter (Full 90') ⭐ (9.54),Pass,47.21,33.61,71.8,39.71,True,Completed,9.54,Emirhan Topçu,Pass,Beşiktaş JK,DF,53,True,1
Emirhan Topçu,53,Beşiktaş JK,DF,False,90,Starter (Full 90') ⭐ (9.54),Pass,45.96,11.8,66.28,6.6,True,Completed,9.54,Emirhan Topçu,Pass,Beşiktaş JK,DF,53,True,1
Emirhan Topçu,53,Beşiktaş JK,DF,False,90,Starter (Full 90') ⭐ (9.54),Pass,9.07,14.56,26.58,27.86,True,Completed,9.54,Emirhan Topçu,Pass,Beşiktaş JK,DF,53,True,1
Emirhan Topçu,53,Beşiktaş JK,DF,False,90,Starter (Full 90') ⭐ (9.54),Pass,6.27,30.53,19.05,32.02,True,Completed,9.54,Emirhan Topçu,Pass,Beşiktaş JK,DF,53,True,1
Emirhan Topçu,53,Beşiktaş JK,DF,False,90,Starter (Full 90') ⭐ (9.54),Pass,44.91,25.34,65.86,48.72,True,Completed,9.54,Emirhan Topçu,Pass,Beşiktaş JK,DF,53,True,1
Emirhan Topçu,53,Beşiktaş JK,DF,False,90,Starter (Full 90') ⭐ (9.54),Pass,45.66,39.81,68.62,43.86,True,Completed,9.54,Emirhan Topçu,Pass,Beşiktaş JK,DF,53,True,1
Emirhan Topçu,53,Beşiktaş JK,DF,False,90,Starter (Full 90') ⭐ (9.54),Pass,31.17,22.26,60.37,20.59,True,Completed,9.54,Emirhan Topçu,Pass,Beşiktaş JK,DF,53,True,1
Emirhan Topçu,53,Beşiktaş JK,DF,False,90,Starter (Full 90') ⭐ (9.54),Pass,39.58,10.43,17.85,15.05,True,Completed,9.54,Emirhan Topçu,Pass,Beşiktaş JK,DF,53,True,1
Emirhan Topçu,53,Beşiktaş JK,DF,False,90,Starter (Full 90') ⭐ (9.54),Pass,53.49,29.37,65.37,18.92,True,Completed,9.54,Emirhan Topçu,Pass,Beşiktaş JK,DF,53,True,1
Emirhan Topçu,53,Beşiktaş JK,DF,False,90,Starter (Full 90') ⭐ (9.54),Pass,56.29,7.89,82.0,12.93,True,Completed,9.54,Emirhan Topçu,Pass,Beşiktaş JK,DF,53,True,1
Emirhan Topçu,53,Beşiktaş JK,DF,False,90,Starter (Full 90') ⭐ (9.54),Pass,38.07,20.82,45.04,42.52,False,Incompleted,9.54,Emirhan Topçu,Pass,Beşiktaş JK,DF,53,False,0
Emirhan Topçu,53,Beşiktaş JK,DF,False,90,Starter (Full 90') ⭐ (9.54),Pass,51.72,17.57,81.26,10.11,False,Incompleted,9.54,Emirhan Topçu,Pass,Beşiktaş JK,DF,53,False,0
Emirhan Topçu,53,Beşiktaş JK,DF,False,90,Starter (Full 90') ⭐ (9.54),Pass,66.78,21.33,96.04,34.25,True,Completed,9.54,Emirhan Topçu,Pass,Beşiktaş JK,DF,53,True,1
Emirhan Topçu,53,Beşiktaş JK,DF,False,90,Starter (Full 90') ⭐ (9.54),Pass,70.32,19.49,84.88,21.46,True,Completed,9.54,Emirhan Topçu,Pass,Beşiktaş JK,DF,53,True,1
Emirhan Topçu,53,Beşiktaş JK,DF,False,90,Starter (Full 90') ⭐ (9.54),Pass,54.02,38.03,62.7,28.05,True,Completed,9.54,Emirhan Topçu,Pass,Beşiktaş JK,DF,53,True,1
Emirhan Topçu,53,Beşiktaş JK,DF,False,90,Starter (Full 90') ⭐ (9.54),Pass,40.88,33.65,54.61,28.95,True,Completed,9.54,Emirhan Topçu,Pass,Beşiktaş JK,DF,53,True,1
Emirhan Topçu,53,Beşiktaş JK,DF,False,90,Starter (Full 90') ⭐ (9.54),Pass,82.54,5.42,105.23,14.97,True,Completed,9.54,Emirhan Topçu,Pass,Beşiktaş JK,DF,53,True,1
Emirhan Topçu,53,Beşiktaş JK,DF,False,90,Starter (Full 90') ⭐ (9.54),Pass,43.43,8.16,68.58,23.28,True,Completed,9.54,Emirhan Topçu,Pass,Beşiktaş JK,DF,53,True,1
Emirhan Topçu,53,Beşiktaş JK,DF,False,90,Starter (Full 90') ⭐ (9.54),Pass,44.71,38.36,63.48,34.19,True,Completed,9.54,Emirhan Topçu,Pass,Beşiktaş JK,DF,53,True,1
Emirhan Topçu,53,Beşiktaş JK,DF,False,90,Starter (Full 90') ⭐ (9.54),Pass,59.22,44.38,81.54,49.95,False,Incompleted,9.54,Emirhan Topçu,Pass,Beşiktaş JK,DF,53,False,0
Emirhan Topçu,53,Beşiktaş JK,DF,False,90,Starter (Full 90') ⭐ (9.54),Pass,74.78,40.07,95.14,52.62,True,Completed,9.54,Emirhan Topçu,Pass,Beşiktaş JK,DF,53,True,1
Emirhan Topçu,53,Beşiktaş JK,DF,False,90,Starter (Full 90') ⭐ (9.54),Pass,49.24,9.27,74.4,2.0,True,Completed,9.54,Emirhan Topçu,Pass,Beşiktaş JK,DF,53,True,1
Emirhan Topçu,53,Beşiktaş JK,DF,False,90,Starter (Full 90') ⭐ (9.54),Pass,50.65,29.47,56.38,44.83,True,Completed,9.54,Emirhan Topçu,Pass,Beşiktaş JK,DF,53,True,1
Emirhan Topçu,53,Beşiktaş JK,DF,False,90,Starter (Full 90') ⭐ (9.54),Pass,84.71,42.9,98.61,40.05,True,Completed,9.54,Emirhan Topçu,Pass,Beşiktaş JK,DF,53,True,1
Emirhan Topçu,53,Beşiktaş JK,DF,False,90,Starter (Full 90') ⭐ (9.54),Pass,45.52,17.84,72.05,15.8,False,Incompleted,9.54,Emirhan Topçu,Pass,Beşiktaş JK,DF,53,False,0
Emirhan Topçu,53,Beşiktaş JK,DF,False,90,Starter (Full 90') ⭐ (9.54),Pass,87.1,28.25,113.91,17.82,True,Completed,9.54,Emirhan Topçu,Pass,Beşiktaş JK,DF,53,True,1
Emirhan Topçu,53,Beşiktaş JK,DF,False,90,Starter (Full 90') ⭐ (9.54),Pass,70.51,10.55,87.04,28.39,True,Completed,9.54,Emirhan Topçu,Pass,Beşiktaş JK,DF,53,True,1
Emirhan Topçu,53,Beşiktaş JK,DF,False,90,Starter (Full 90') ⭐ (9.54),Pass,44.44,44.21,56.72,48.59,True,Completed,9.54,Emirhan Topçu,Pass,Beşiktaş JK,DF,53,True,1
Emirhan Topçu,53,Beşiktaş JK,DF,False,90,Starter (Full 90') ⭐ (9.54),Pass,55.48,33.46,78.07,29.98,True,Completed,9.54,Emirhan Topçu,Pass,Beşiktaş JK,DF,53,True,1
Emirhan Topçu,53,Beşiktaş JK,DF,False,90,Starter (Full 90') ⭐ (9.54),Pass,35.5,35.77,52.01,40.58,True,Completed,9.54,Emirhan Topçu,Pass,Beşiktaş JK,DF,53,True,1
Emirhan Topçu,53,Beşiktaş JK,DF,False,90,Starter (Full 90') ⭐ (9.54),Pass,64.31,40.03,67.48,55.51,True,Completed,9.54,Emirhan Topçu,Pass,Beşiktaş JK,DF,53,True,1
Emirhan Topçu,53,Beşiktaş JK,DF,False,90,Starter (Full 90') ⭐ (9.54),Pass,44.35,17.68,64.2,2.0,True,Completed,9.54,Emirhan Topçu,Pass,Beşiktaş JK,DF,53,True,1
Emirhan Topçu,53,Beşiktaş JK,DF,False,90,Starter (Full 90') ⭐ (9.54),Pass,44.26,45.76,69.13,45.35,True,Completed,9.54,Emirhan Topçu,Pass,Beşiktaş JK,DF,53,True,1
Emirhan Topçu,53,Beşiktaş JK,DF,False,90,Starter (Full 90') ⭐ (9.54),Pass,52.57,30.8,66.32,31.37,False,Incompleted,9.54,Emirhan Topçu,Pass,Beşiktaş JK,DF,53,False,0
Emirhan Topçu,53,Beşiktaş JK,DF,False,90,Starter (Full 90') ⭐ (9.54),Pass,34.0,46.68,61.19,41.74,True,Completed,9.54,Emirhan Topçu,Pass,Beşiktaş JK,DF,53,True,1
Emirhan Topçu,53,Beşiktaş JK,DF,False,90,Starter (Full 90') ⭐ (9.54),Pass,68.72,10.88,98.67,2.0,True,Completed,9.54,Emirhan Topçu,Pass,Beşiktaş JK,DF,53,True,1
Emirhan Topçu,53,Beşiktaş JK,DF,False,90,Starter (Full 90') ⭐ (9.54),Pass,73.72,34.51,94.15,52.38,True,Completed,9.54,Emirhan Topçu,Pass,Beşiktaş JK,DF,53,True,1
Emirhan Topçu,53,Beşiktaş JK,DF,False,90,Starter (Full 90') ⭐ (9.54),Pass,51.45,46.71,80.61,54.01,True,Completed,9.54,Emirhan Topçu,Pass,Beşiktaş JK,DF,53,True,1
Emirhan Topçu,53,Beşiktaş JK,DF,False,90,Starter (Full 90') ⭐ (9.54),Pass,42.28,27.42,62.39,41.71,True,Completed,9.54,Emirhan Topçu,Pass,Beşiktaş JK,DF,53,True,1
Emirhan Topçu,53,Beşiktaş JK,DF,False,90,Starter (Full 90') ⭐ (9.54),Pass,95.44,30.04,118.0,35.99,True,Completed,9.54,Emirhan Topçu,Pass,Beşiktaş JK,DF,53,True,1
Emirhan Topçu,53,Beşiktaş JK,DF,False,90,Starter (Full 90') ⭐ (9.54),Pass,43.27,14.94,68.35,13.46,True,Completed,9.54,Emirhan Topçu,Pass,Beşiktaş JK,DF,53,True,1
Emirhan Topçu,53,Beşiktaş JK,DF,False,90,Starter (Full 90') ⭐ (9.54),Pass,68.62,51.09,80.48,57.6,True,Completed,9.54,Emirhan Topçu,Pass,Beşiktaş JK,DF,53,True,1
Emirhan Topçu,53,Beşiktaş JK,DF,False,90,Starter (Full 90') ⭐ (9.54),Pass,60.42,4.0,83.72,18.92,True,Completed,9.54,Emirhan Topçu,Pass,Beşiktaş JK,DF,53,True,1
Emirhan Topçu,53,Beşiktaş JK,DF,False,90,Starter (Full 90') ⭐ (9.54),Pass,57.07,24.26,78.79,12.65,True,Completed,9.54,Emirhan Topçu,Pass,Beşiktaş JK,DF,53,True,1
Emirhan Topçu,53,Beşiktaş JK,DF,False,90,Starter (Full 90') ⭐ (9.54),Pass,41.33,40.65,64.53,35.14,True,Completed,9.54,Emirhan Topçu,Pass,Beşiktaş JK,DF,53,True,1
Emirhan Topçu,53,Beşiktaş JK,DF,False,90,Starter (Full 90') ⭐ (9.54),Pass,45.31,60.23,44.29,75.31,True,Completed,9.54,Emirhan Topçu,Pass,Beşiktaş JK,DF,53,True,1
Emirhan Topçu,53,Beşiktaş JK,DF,False,90,Starter (Full 90') ⭐ (9.54),Pass,75.39,42.5,96.53,51.83,True,Completed,9.54,Emirhan Topçu,Pass,Beşiktaş JK,DF,53,True,1
Emirhan Topçu,53,Beşiktaş JK,DF,False,90,Starter (Full 90') ⭐ (9.54),Pass,64.35,14.29,80.88,8.19,True,Completed,9.54,Emirhan Topçu,Pass,Beşiktaş JK,DF,53,True,1
Emirhan Topçu,53,Beşiktaş JK,DF,False,90,Starter (Full 90') ⭐ (9.54),Pass,55.73,32.31,77.83,37.17,True,Completed,9.54,Emirhan Topçu,Pass,Beşiktaş JK,DF,53,True,1
Emirhan Topçu,53,Beşiktaş JK,DF,False,90,Starter (Full 90') ⭐ (9.54),Pass,50.82,17.23,62.15,8.21,False,Incompleted,9.54,Emirhan Topçu,Pass,Beşiktaş JK,DF,53,False,0
Emirhan Topçu,53,Beşiktaş JK,DF,False,90,Starter (Full 90') ⭐ (9.54),Pass,26.26,20.58,57.12,8.25,True,Completed,9.54,Emirhan Topçu,Pass,Beşiktaş JK,DF,53,True,1
Emirhan Topçu,53,Beşiktaş JK,DF,False,90,Starter (Full 90') ⭐ (9.54),Pass,67.78,41.44,64.71,69.58,True,Completed,9.54,Emirhan Topçu,Pass,Beşiktaş JK,DF,53,True,1
Emirhan Topçu,53,Beşiktaş JK,DF,False,90,Starter (Full 90') ⭐ (9.54),Pass,29.83,17.69,51.58,34.27,True,Completed,9.54,Emirhan Topçu,Pass,Beşiktaş JK,DF,53,True,1
Emirhan Topçu,53,Beşiktaş JK,DF,False,90,Starter (Full 90') ⭐ (9.54),Pass,44.36,47.14,63.28,56.71,True,Completed,9.54,Emirhan Topçu,Pass,Beşiktaş JK,DF,53,True,1
Emirhan Topçu,53,Beşiktaş JK,DF,False,90,Starter (Full 90') ⭐ (9.54),Pass,60.41,22.44,83.9,25.88,True,Completed,9.54,Emirhan Topçu,Pass,Beşiktaş JK,DF,53,True,1
Emirhan Topçu,53,Beşiktaş JK,DF,False,90,Starter (Full 90') ⭐ (9.54),Pass,32.88,27.77,43.88,41.22,True,Completed,9.54,Emirhan Topçu,Pass,Beşiktaş JK,DF,53,True,1
Emirhan Topçu,53,Beşiktaş JK,DF,False,90,Starter (Full 90') ⭐ (9.54),Pass,41.14,12.47,60.36,18.49,True,Completed,9.54,Emirhan Topçu,Pass,Beşiktaş JK,DF,53,True,1
Emirhan Topçu,53,Beşiktaş JK,DF,False,90,Starter (Full 90') ⭐ (9.54),Pass,48.83,31.87,67.7,46.57,True,Completed,9.54,Emirhan Topçu,Pass,Beşiktaş JK,DF,53,True,1
Emirhan Topçu,53,Beşiktaş JK,DF,False,90,Starter (Full 90') ⭐ (9.54),Pass,69.81,44.9,86.27,42.69,True,Completed,9.54,Emirhan Topçu,Pass,Beşiktaş JK,DF,53,True,1
Emirhan Topçu,53,Beşiktaş JK,DF,False,90,Starter (Full 90') ⭐ (9.54),Pass,79.05,18.82,104.51,34.52,True,Completed,9.54,Emirhan Topçu,Pass,Beşiktaş JK,DF,53,True,1
Emirhan Topçu,53,Beşiktaş JK,DF,False,90,Starter (Full 90') ⭐ (9.54),Pass,61.03,14.22,89.17,27.95,True,Completed,9.54,Emirhan Topçu,Pass,Beşiktaş JK,DF,53,True,1
Emirhan Topçu,53,Beşiktaş JK,DF,False,90,Starter (Full 90') ⭐ (9.54),Pass,67.13,28.88,83.48,33.62,False,Incompleted,9.54,Emirhan Topçu,Pass,Beşiktaş JK,DF,53,False,0
Emirhan Topçu,53,Beşiktaş JK,DF,False,90,Starter (Full 90') ⭐ (9.54),Pass,76.43,35.48,94.6,47.33,True,Completed,9.54,Emirhan Topçu,Pass,Beşiktaş JK,DF,53,True,1
Emirhan Topçu,53,Beşiktaş JK,DF,False,90,Starter (Full 90') ⭐ (9.54),Pass,15.48,4.0,30.73,18.25,True,Completed,9.54,Emirhan Topçu,Pass,Beşiktaş JK,DF,53,True,1
Emirhan Topçu,53,Beşiktaş JK,DF,False,90,Starter (Full 90') ⭐ (9.54),Pass,55.05,4.0,79.39,12.99,False,Incompleted,9.54,Emirhan Topçu,Pass,Beşiktaş JK,DF,53,False,0
Emirhan Topçu,53,Beşiktaş JK,DF,False,90,Starter (Full 90') ⭐ (9.54),Pass,52.52,38.48,78.99,39.97,True,Completed,9.54,Emirhan Topçu,Pass,Beşiktaş JK,DF,53,True,1
Emirhan Topçu,53,Beşiktaş JK,DF,False,90,Starter (Full 90') ⭐ (9.54),Pass,59.52,54.07,86.83,53.42,True,Completed,9.54,Emirhan Topçu,Pass,Beşiktaş JK,DF,53,True,1
Emirhan Topçu,53,Beşiktaş JK,DF,False,90,Starter (Full 90') ⭐ (9.54),Pass,55.44,40.45,79.52,47.88,False,Incompleted,9.54,Emirhan Topçu,Pass,Beşiktaş JK,DF,53,False,0
Emirhan Topçu,53,Beşiktaş JK,DF,False,90,Starter (Full 90') ⭐ (9.54),Pass,37.87,27.49,57.02,29.24,False,Incompleted,9.54,Emirhan Topçu,Pass,Beşiktaş JK,DF,53,False,0
Emirhan Topçu,53,Beşiktaş JK,DF,False,90,Starter (Full 90') ⭐ (9.54),Pass,36.69,39.15,51.33,49.39,True,Completed,9.54,Emirhan Topçu,Pass,Beşiktaş JK,DF,53,True,1
Emirhan Topçu,53,Beşiktaş JK,DF,False,90,Starter (Full 90') ⭐ (9.54),Pass,34.63,56.23,33.48,26.71,True,Completed,9.54,Emirhan Topçu,Pass,Beşiktaş JK,DF,53,True,1
Emirhan Topçu,53,Beşiktaş JK,DF,False,90,Starter (Full 90') ⭐ (9.54),Pass,6.8,31.44,34.76,43.28,True,Completed,9.54,Emirhan Topçu,Pass,Beşiktaş JK,DF,53,True,1
Emirhan Topçu,53,Beşiktaş JK,DF,False,90,Starter (Full 90') ⭐ (9.54),Pass,35.27,48.42,39.76,73.69,True,Completed,9.54,Emirhan Topçu,Pass,Beşiktaş JK,DF,53,True,1
Emirhan Topçu,53,Beşiktaş JK,DF,False,90,Starter (Full 90') ⭐ (9.54),Pass,48.25,19.55,73.39,27.17,True,Completed,9.54,Emirhan Topçu,Pass,Beşiktaş JK,DF,53,True,1
Emirhan Topçu,53,Beşiktaş JK,DF,False,90,Starter (Full 90') ⭐ (9.54),Pass,46.07,44.38,64.2,68.09,True,Completed,9.54,Emirhan Topçu,Pass,Beşiktaş JK,DF,53,True,1
Emirhan Topçu,53,Beşiktaş JK,DF,False,90,Starter (Full 90') ⭐ (9.54),Pass,19.34,53.1,41.6,52.73,True,Completed,9.54,Emirhan Topçu,Pass,Beşiktaş JK,DF,53,True,1
Emirhan Topçu,53,Beşiktaş JK,DF,False,90,Starter (Full 90') ⭐ (9.54),Pass,45.57,29.98,62.4,36.97,True,Completed,9.54,Emirhan Topçu,Pass,Beşiktaş JK,DF,53,True,1
Emirhan Topçu,53,Beşiktaş JK,DF,False,90,Starter (Full 90') ⭐ (9.54),Pass,49.12,40.82,79.61,49.43,True,Completed,9.54,Emirhan Topçu,Pass,Beşiktaş JK,DF,53,True,1
Emirhan Topçu,53,Beşiktaş JK,DF,False,90,Starter (Full 90') ⭐ (9.54),Pass,44.67,19.19,63.46,2.0,True,Completed,9.54,Emirhan Topçu,Pass,Beşiktaş JK,DF,53,True,1
Emirhan Topçu,53,Beşiktaş JK,DF,False,90,Starter (Full 90') ⭐ (9.54),Pass,49.91,39.13,65.87,26.89,True,Completed,9.54,Emirhan Topçu,Pass,Beşiktaş JK,DF,53,True,1
Emirhan Topçu,53,Beşiktaş JK,DF,False,90,Starter (Full 90') ⭐ (9.54),Pass,32.56,14.26,44.38,2.39,True,Completed,9.54,Emirhan Topçu,Pass,Beşiktaş JK,DF,53,True,1
Emirhan Topçu,53,Beşiktaş JK,DF,False,90,Starter (Full 90') ⭐ (9.54),Pass,80.96,27.38,112.55,33.51,True,Completed,9.54,Emirhan Topçu,Pass,Beşiktaş JK,DF,53,True,1
Emirhan Topçu,53,Beşiktaş JK,DF,False,90,Starter (Full 90') ⭐ (9.54),Pass,61.75,28.55,79.37,15.35,True,Completed,9.54,Emirhan Topçu,Pass,Beşiktaş JK,DF,53,True,1
Emirhan Topçu,53,Beşiktaş JK,DF,False,90,Starter (Full 90') ⭐ (9.54),Pass,38.75,42.07,56.88,56.3,True,Completed,9.54,Emirhan Topçu,Pass,Beşiktaş JK,DF,53,True,1
Emirhan Topçu,53,Beşiktaş JK,DF,False,90,Starter (Full 90') ⭐ (9.54),Pass,47.08,17.47,68.59,28.22,True,Completed,9.54,Emirhan Topçu,Pass,Beşiktaş JK,DF,53,True,1
Emirhan Topçu,53,Beşiktaş JK,DF,False,90,Starter (Full 90') ⭐ (9.54),Pass,49.62,20.2,66.81,9.71,False,Incompleted,9.54,Emirhan Topçu,Pass,Beşiktaş JK,DF,53,False,0
Emirhan Topçu,53,Beşiktaş JK,DF,False,90,Starter (Full 90') ⭐ (9.54),Pass,49.43,19.63,76.75,16.02,True,Completed,9.54,Emirhan Topçu,Pass,Beşiktaş JK,DF,53,True,1
Emirhan Topçu,53,Beşiktaş JK,DF,False,90,Starter (Full 90') ⭐ (9.54),Pass,71.35,27.33,91.49,32.21,True,Completed,9.54,Emirhan Topçu,Pass,Beşiktaş JK,DF,53,True,1
Emirhan Topçu,53,Beşiktaş JK,DF,False,90,Starter (Full 90') ⭐ (9.54),Pass,66.77,64.02,87.92,72.21,True,Completed,9.54,Emirhan Topçu,Pass,Beşiktaş JK,DF,53,True,1
Emirhan Topçu,53,Beşiktaş JK,DF,False,90,Starter (Full 90') ⭐ (9.54),Shot,110.37,23.69,120.0,36.0,True,On Target / Blocked,9.54,Emirhan Topçu,Shot,Beşiktaş JK,DF,53,True,1
Emirhan Topçu,53,Beşiktaş JK,DF,False,90,Starter (Full 90') ⭐ (9.54),Shot,92.61,36.31,120.0,44.0,True,On Target / Blocked,9.54,Emirhan Topçu,Shot,Beşiktaş JK,DF,53,True,1
Emirhan Topçu,53,Beşiktaş JK,DF,False,90,Starter (Full 90') ⭐ (9.54),Shot,92.27,39.76,120.0,42.49,True,On Target / Blocked,9.54,Emirhan Topçu,Shot,Beşiktaş JK,DF,53,True,1
Emirhan Topçu,53,Beşiktaş JK,DF,False,90,Starter (Full 90') ⭐ (9.54),Tackle,46.52,26.49,49.95,22.94,True,Won,9.54,Emirhan Topçu,Tackle,Beşiktaş JK,DF,53,True,1
Emirhan Topçu,53,Beşiktaş JK,DF,False,90,Starter (Full 90') ⭐ (9.54),Tackle,27.1,5.0,27.28,7.87,True,Won,9.54,Emirhan Topçu,Tackle,Beşiktaş JK,DF,53,True,1
Emirhan Topçu,53,Beşiktaş JK,DF,False,90,Starter (Full 90') ⭐ (9.54),Tackle,48.55,27.89,48.52,27.36,True,Won,9.54,Emirhan Topçu,Tackle,Beşiktaş JK,DF,53,True,1
Emirhan Topçu,53,Beşiktaş JK,DF,False,90,Starter (Full 90') ⭐ (9.54),Interception,54.55,46.53,60.57,46.2,True,Intercepted,9.54,Emirhan Topçu,Interception,Beşiktaş JK,DF,53,True,1
Emirhan Topçu,53,Beşiktaş JK,DF,False,90,Starter (Full 90') ⭐ (9.54),Interception,44.29,5.0,49.58,9.48,True,Intercepted,9.54,Emirhan Topçu,Interception,Beşiktaş JK,DF,53,True,1
Emirhan Topçu,53,Beşiktaş JK,DF,False,90,Starter (Full 90') ⭐ (9.54),Interception,56.85,32.05,67.33,36.09,True,Intercepted,9.54,Emirhan Topçu,Interception,Beşiktaş JK,DF,53,True,1
Emirhan Topçu,53,Beşiktaş JK,DF,False,90,Starter (Full 90') ⭐ (9.54),Chance Created,94.23,36.82,118.0,51.18,True,Key Pass Delivered,9.54,Emirhan Topçu,Chance Created,Beşiktaş JK,DF,53,True,1
Emirhan Topçu,53,Beşiktaş JK,DF,False,90,Starter (Full 90') ⭐ (9.54),Chance Created,80.3,19.84,100.53,42.78,True,Key Pass Delivered,9.54,Emirhan Topçu,Chance Created,Beşiktaş JK,DF,53,True,1
Rıdvan Yılmaz,33,Beşiktaş JK,DF,False,81,Starter (Sub off 82') 🅰️🅰️ (2 Ast),Pass,98.71,15.9,117.37,28.18,True,Completed,8.4,Rıdvan Yılmaz,Pass,Beşiktaş JK,DF,33,True,1
Rıdvan Yılmaz,33,Beşiktaş JK,DF,False,81,Starter (Sub off 82') 🅰️🅰️ (2 Ast),Pass,52.04,4.0,64.11,2.0,True,Completed,8.4,Rıdvan Yılmaz,Pass,Beşiktaş JK,DF,33,True,1
Rıdvan Yılmaz,33,Beşiktaş JK,DF,False,81,Starter (Sub off 82') 🅰️🅰️ (2 Ast),Pass,84.39,11.6,97.22,7.15,True,Completed,8.4,Rıdvan Yılmaz,Pass,Beşiktaş JK,DF,33,True,1
Rıdvan Yılmaz,33,Beşiktaş JK,DF,False,81,Starter (Sub off 82') 🅰️🅰️ (2 Ast),Pass,73.65,18.61,108.15,20.39,True,Completed,8.4,Rıdvan Yılmaz,Pass,Beşiktaş JK,DF,33,True,1
Rıdvan Yılmaz,33,Beşiktaş JK,DF,False,81,Starter (Sub off 82') 🅰️🅰️ (2 Ast),Pass,109.69,6.06,118.0,2.0,True,Completed,8.4,Rıdvan Yılmaz,Pass,Beşiktaş JK,DF,33,True,1
Rıdvan Yılmaz,33,Beşiktaş JK,DF,False,81,Starter (Sub off 82') 🅰️🅰️ (2 Ast),Pass,104.33,27.77,118.0,35.72,True,Completed,8.4,Rıdvan Yılmaz,Pass,Beşiktaş JK,DF,33,True,1
Rıdvan Yılmaz,33,Beşiktaş JK,DF,False,81,Starter (Sub off 82') 🅰️🅰️ (2 Ast),Pass,64.06,8.32,77.97,17.24,True,Completed,8.4,Rıdvan Yılmaz,Pass,Beşiktaş JK,DF,33,True,1
Rıdvan Yılmaz,33,Beşiktaş JK,DF,False,81,Starter (Sub off 82') 🅰️🅰️ (2 Ast),Pass,32.73,4.0,52.27,25.1,True,Completed,8.4,Rıdvan Yılmaz,Pass,Beşiktaş JK,DF,33,True,1
Rıdvan Yılmaz,33,Beşiktaş JK,DF,False,81,Starter (Sub off 82') 🅰️🅰️ (2 Ast),Pass,28.3,18.06,57.34,24.39,True,Completed,8.4,Rıdvan Yılmaz,Pass,Beşiktaş JK,DF,33,True,1
Rıdvan Yılmaz,33,Beşiktaş JK,DF,False,81,Starter (Sub off 82') 🅰️🅰️ (2 Ast),Pass,67.36,5.42,90.21,2.0,True,Completed,8.4,Rıdvan Yılmaz,Pass,Beşiktaş JK,DF,33,True,1
Rıdvan Yılmaz,33,Beşiktaş JK,DF,False,81,Starter (Sub off 82') 🅰️🅰️ (2 Ast),Pass,85.01,10.91,112.41,16.65,True,Completed,8.4,Rıdvan Yılmaz,Pass,Beşiktaş JK,DF,33,True,1
Rıdvan Yılmaz,33,Beşiktaş JK,DF,False,81,Starter (Sub off 82') 🅰️🅰️ (2 Ast),Pass,65.38,4.0,73.96,36.62,True,Completed,8.4,Rıdvan Yılmaz,Pass,Beşiktaş JK,DF,33,True,1
Rıdvan Yılmaz,33,Beşiktaş JK,DF,False,81,Starter (Sub off 82') 🅰️🅰️ (2 Ast),Pass,87.35,15.04,104.7,2.0,True,Completed,8.4,Rıdvan Yılmaz,Pass,Beşiktaş JK,DF,33,True,1
Rıdvan Yılmaz,33,Beşiktaş JK,DF,False,81,Starter (Sub off 82') 🅰️🅰️ (2 Ast),Pass,80.18,6.84,76.22,22.48,True,Completed,8.4,Rıdvan Yılmaz,Pass,Beşiktaş JK,DF,33,True,1
Rıdvan Yılmaz,33,Beşiktaş JK,DF,False,81,Starter (Sub off 82') 🅰️🅰️ (2 Ast),Pass,76.24,15.71,92.9,2.0,False,Incompleted,8.4,Rıdvan Yılmaz,Pass,Beşiktaş JK,DF,33,False,0
Rıdvan Yılmaz,33,Beşiktaş JK,DF,False,81,Starter (Sub off 82') 🅰️🅰️ (2 Ast),Pass,73.97,11.75,104.07,11.08,True,Completed,8.4,Rıdvan Yılmaz,Pass,Beşiktaş JK,DF,33,True,1
Rıdvan Yılmaz,33,Beşiktaş JK,DF,False,81,Starter (Sub off 82') 🅰️🅰️ (2 Ast),Pass,100.6,4.0,113.12,15.43,True,Completed,8.4,Rıdvan Yılmaz,Pass,Beşiktaş JK,DF,33,True,1
Rıdvan Yılmaz,33,Beşiktaş JK,DF,False,81,Starter (Sub off 82') 🅰️🅰️ (2 Ast),Pass,57.1,7.71,76.72,8.12,True,Completed,8.4,Rıdvan Yılmaz,Pass,Beşiktaş JK,DF,33,True,1
Rıdvan Yılmaz,33,Beşiktaş JK,DF,False,81,Starter (Sub off 82') 🅰️🅰️ (2 Ast),Pass,75.23,4.0,93.09,16.27,True,Completed,8.4,Rıdvan Yılmaz,Pass,Beşiktaş JK,DF,33,True,1
Rıdvan Yılmaz,33,Beşiktaş JK,DF,False,81,Starter (Sub off 82') 🅰️🅰️ (2 Ast),Pass,47.82,15.2,41.77,41.6,False,Incompleted,8.4,Rıdvan Yılmaz,Pass,Beşiktaş JK,DF,33,False,0
Rıdvan Yılmaz,33,Beşiktaş JK,DF,False,81,Starter (Sub off 82') 🅰️🅰️ (2 Ast),Pass,69.55,4.0,86.59,2.0,True,Completed,8.4,Rıdvan Yılmaz,Pass,Beşiktaş JK,DF,33,True,1
Rıdvan Yılmaz,33,Beşiktaş JK,DF,False,81,Starter (Sub off 82') 🅰️🅰️ (2 Ast),Pass,62.51,23.32,76.15,18.29,True,Completed,8.4,Rıdvan Yılmaz,Pass,Beşiktaş JK,DF,33,True,1
Rıdvan Yılmaz,33,Beşiktaş JK,DF,False,81,Starter (Sub off 82') 🅰️🅰️ (2 Ast),Pass,78.88,17.65,108.57,19.63,True,Completed,8.4,Rıdvan Yılmaz,Pass,Beşiktaş JK,DF,33,True,1
Rıdvan Yılmaz,33,Beşiktaş JK,DF,False,81,Starter (Sub off 82') 🅰️🅰️ (2 Ast),Pass,57.92,33.2,87.98,40.47,True,Completed,8.4,Rıdvan Yılmaz,Pass,Beşiktaş JK,DF,33,True,1
Rıdvan Yılmaz,33,Beşiktaş JK,DF,False,81,Starter (Sub off 82') 🅰️🅰️ (2 Ast),Pass,61.33,16.36,86.55,28.54,True,Completed,8.4,Rıdvan Yılmaz,Pass,Beşiktaş JK,DF,33,True,1
Rıdvan Yılmaz,33,Beşiktaş JK,DF,False,81,Starter (Sub off 82') 🅰️🅰️ (2 Ast),Pass,22.68,10.27,38.45,39.63,True,Completed,8.4,Rıdvan Yılmaz,Pass,Beşiktaş JK,DF,33,True,1
Rıdvan Yılmaz,33,Beşiktaş JK,DF,False,81,Starter (Sub off 82') 🅰️🅰️ (2 Ast),Pass,77.32,11.8,87.68,3.74,True,Completed,8.4,Rıdvan Yılmaz,Pass,Beşiktaş JK,DF,33,True,1
Rıdvan Yılmaz,33,Beşiktaş JK,DF,False,81,Starter (Sub off 82') 🅰️🅰️ (2 Ast),Pass,43.9,10.75,78.32,6.42,True,Completed,8.4,Rıdvan Yılmaz,Pass,Beşiktaş JK,DF,33,True,1
Rıdvan Yılmaz,33,Beşiktaş JK,DF,False,81,Starter (Sub off 82') 🅰️🅰️ (2 Ast),Pass,101.69,30.66,118.0,12.02,True,Completed,8.4,Rıdvan Yılmaz,Pass,Beşiktaş JK,DF,33,True,1
Rıdvan Yılmaz,33,Beşiktaş JK,DF,False,81,Starter (Sub off 82') 🅰️🅰️ (2 Ast),Pass,94.47,17.89,118.0,18.17,True,Completed,8.4,Rıdvan Yılmaz,Pass,Beşiktaş JK,DF,33,True,1
Rıdvan Yılmaz,33,Beşiktaş JK,DF,False,81,Starter (Sub off 82') 🅰️🅰️ (2 Ast),Pass,77.87,24.96,97.42,25.83,True,Completed,8.4,Rıdvan Yılmaz,Pass,Beşiktaş JK,DF,33,True,1
Rıdvan Yılmaz,33,Beşiktaş JK,DF,False,81,Starter (Sub off 82') 🅰️🅰️ (2 Ast),Pass,52.28,6.77,60.06,2.0,True,Completed,8.4,Rıdvan Yılmaz,Pass,Beşiktaş JK,DF,33,True,1
Rıdvan Yılmaz,33,Beşiktaş JK,DF,False,81,Starter (Sub off 82') 🅰️🅰️ (2 Ast),Pass,73.04,4.18,103.56,2.0,True,Completed,8.4,Rıdvan Yılmaz,Pass,Beşiktaş JK,DF,33,True,1
Rıdvan Yılmaz,33,Beşiktaş JK,DF,False,81,Starter (Sub off 82') 🅰️🅰️ (2 Ast),Pass,61.41,12.9,80.43,13.46,True,Completed,8.4,Rıdvan Yılmaz,Pass,Beşiktaş JK,DF,33,True,1
Rıdvan Yılmaz,33,Beşiktaş JK,DF,False,81,Starter (Sub off 82') 🅰️🅰️ (2 Ast),Pass,74.75,15.82,90.85,11.41,True,Completed,8.4,Rıdvan Yılmaz,Pass,Beşiktaş JK,DF,33,True,1
Rıdvan Yılmaz,33,Beşiktaş JK,DF,False,81,Starter (Sub off 82') 🅰️🅰️ (2 Ast),Pass,81.22,31.43,95.84,26.08,True,Completed,8.4,Rıdvan Yılmaz,Pass,Beşiktaş JK,DF,33,True,1
Rıdvan Yılmaz,33,Beşiktaş JK,DF,False,81,Starter (Sub off 82') 🅰️🅰️ (2 Ast),Pass,67.68,4.0,91.07,2.0,True,Completed,8.4,Rıdvan Yılmaz,Pass,Beşiktaş JK,DF,33,True,1
Rıdvan Yılmaz,33,Beşiktaş JK,DF,False,81,Starter (Sub off 82') 🅰️🅰️ (2 Ast),Pass,92.34,27.77,118.0,20.74,True,Completed,8.4,Rıdvan Yılmaz,Pass,Beşiktaş JK,DF,33,True,1
Rıdvan Yılmaz,33,Beşiktaş JK,DF,False,81,Starter (Sub off 82') 🅰️🅰️ (2 Ast),Pass,83.24,8.93,98.9,2.0,True,Completed,8.4,Rıdvan Yılmaz,Pass,Beşiktaş JK,DF,33,True,1
Rıdvan Yılmaz,33,Beşiktaş JK,DF,False,81,Starter (Sub off 82') 🅰️🅰️ (2 Ast),Pass,94.56,13.99,112.21,2.0,True,Completed,8.4,Rıdvan Yılmaz,Pass,Beşiktaş JK,DF,33,True,1
Rıdvan Yılmaz,33,Beşiktaş JK,DF,False,81,Starter (Sub off 82') 🅰️🅰️ (2 Ast),Pass,71.98,6.43,85.86,10.86,True,Completed,8.4,Rıdvan Yılmaz,Pass,Beşiktaş JK,DF,33,True,1
Rıdvan Yılmaz,33,Beşiktaş JK,DF,False,81,Starter (Sub off 82') 🅰️🅰️ (2 Ast),Pass,73.16,13.6,85.67,25.56,True,Completed,8.4,Rıdvan Yılmaz,Pass,Beşiktaş JK,DF,33,True,1
Rıdvan Yılmaz,33,Beşiktaş JK,DF,False,81,Starter (Sub off 82') 🅰️🅰️ (2 Ast),Pass,59.75,11.26,62.83,24.0,True,Completed,8.4,Rıdvan Yılmaz,Pass,Beşiktaş JK,DF,33,True,1
Rıdvan Yılmaz,33,Beşiktaş JK,DF,False,81,Starter (Sub off 82') 🅰️🅰️ (2 Ast),Pass,62.67,24.09,81.4,27.62,True,Completed,8.4,Rıdvan Yılmaz,Pass,Beşiktaş JK,DF,33,True,1
Rıdvan Yılmaz,33,Beşiktaş JK,DF,False,81,Starter (Sub off 82') 🅰️🅰️ (2 Ast),Pass,54.41,9.21,64.11,16.46,True,Completed,8.4,Rıdvan Yılmaz,Pass,Beşiktaş JK,DF,33,True,1
Rıdvan Yılmaz,33,Beşiktaş JK,DF,False,81,Starter (Sub off 82') 🅰️🅰️ (2 Ast),Pass,96.2,12.9,116.2,25.84,True,Completed,8.4,Rıdvan Yılmaz,Pass,Beşiktaş JK,DF,33,True,1
Rıdvan Yılmaz,33,Beşiktaş JK,DF,False,81,Starter (Sub off 82') 🅰️🅰️ (2 Ast),Pass,69.86,13.67,86.78,16.18,True,Completed,8.4,Rıdvan Yılmaz,Pass,Beşiktaş JK,DF,33,True,1
Rıdvan Yılmaz,33,Beşiktaş JK,DF,False,81,Starter (Sub off 82') 🅰️🅰️ (2 Ast),Pass,73.86,4.0,101.91,10.93,True,Completed,8.4,Rıdvan Yılmaz,Pass,Beşiktaş JK,DF,33,True,1
Rıdvan Yılmaz,33,Beşiktaş JK,DF,False,81,Starter (Sub off 82') 🅰️🅰️ (2 Ast),Pass,89.17,4.0,100.59,21.23,True,Completed,8.4,Rıdvan Yılmaz,Pass,Beşiktaş JK,DF,33,True,1
Rıdvan Yılmaz,33,Beşiktaş JK,DF,False,81,Starter (Sub off 82') 🅰️🅰️ (2 Ast),Pass,95.02,15.26,116.05,24.8,True,Completed,8.4,Rıdvan Yılmaz,Pass,Beşiktaş JK,DF,33,True,1
Rıdvan Yılmaz,33,Beşiktaş JK,DF,False,81,Starter (Sub off 82') 🅰️🅰️ (2 Ast),Pass,89.08,17.37,105.29,33.15,True,Completed,8.4,Rıdvan Yılmaz,Pass,Beşiktaş JK,DF,33,True,1
Rıdvan Yılmaz,33,Beşiktaş JK,DF,False,81,Starter (Sub off 82') 🅰️🅰️ (2 Ast),Tackle,69.26,7.18,71.77,5.07,True,Won,8.4,Rıdvan Yılmaz,Tackle,Beşiktaş JK,DF,33,True,1
Rıdvan Yılmaz,33,Beşiktaş JK,DF,False,81,Starter (Sub off 82') 🅰️🅰️ (2 Ast),Chance Created,88.7,68.0,107.08,34.17,True,Key Pass Delivered,8.4,Rıdvan Yılmaz,Chance Created,Beşiktaş JK,DF,33,True,1
Rıdvan Yılmaz,33,Beşiktaş JK,DF,False,81,Starter (Sub off 82') 🅰️🅰️ (2 Ast),Chance Created,95.43,57.74,103.36,50.85,True,Key Pass Delivered,8.4,Rıdvan Yılmaz,Chance Created,Beşiktaş JK,DF,33,True,1
Rıdvan Yılmaz,33,Beşiktaş JK,DF,False,81,Starter (Sub off 82') 🅰️🅰️ (2 Ast),Chance Created,92.48,25.99,103.66,42.46,True,Key Pass Delivered,8.4,Rıdvan Yılmaz,Chance Created,Beşiktaş JK,DF,33,True,1
Rıdvan Yılmaz,33,Beşiktaş JK,DF,False,81,Starter (Sub off 82') 🅰️🅰️ (2 Ast),Chance Created,101.01,40.46,102.12,35.28,True,Key Pass Delivered,8.4,Rıdvan Yılmaz,Chance Created,Beşiktaş JK,DF,33,True,1
Rıdvan Yılmaz,33,Beşiktaş JK,DF,False,81,Starter (Sub off 82') 🅰️🅰️ (2 Ast),Chance Created,83.74,36.66,118.0,25.69,True,Key Pass Delivered,8.4,Rıdvan Yılmaz,Chance Created,Beşiktaş JK,DF,33,True,1
Rıdvan Yılmaz,33,Beşiktaş JK,DF,False,81,Starter (Sub off 82') 🅰️🅰️ (2 Ast),Chance Created,102.85,25.05,100.41,33.17,True,Key Pass Delivered,8.4,Rıdvan Yılmaz,Chance Created,Beşiktaş JK,DF,33,True,1
Rıdvan Yılmaz,33,Beşiktaş JK,DF,False,81,Starter (Sub off 82') 🅰️🅰️ (2 Ast),Chance Created,94.2,50.57,111.83,44.91,True,Key Pass Delivered,8.4,Rıdvan Yılmaz,Chance Created,Beşiktaş JK,DF,33,True,1
Rıdvan Yılmaz,33,Beşiktaş JK,DF,False,81,Starter (Sub off 82') 🅰️🅰️ (2 Ast),Chance Created,94.0,29.94,108.44,25.98,True,Key Pass Delivered,8.4,Rıdvan Yılmaz,Chance Created,Beşiktaş JK,DF,33,True,1
Rıdvan Yılmaz,33,Beşiktaş JK,DF,False,81,Starter (Sub off 82') 🅰️🅰️ (2 Ast),Chance Created,95.25,28.77,118.0,48.26,True,Key Pass Delivered,8.4,Rıdvan Yılmaz,Chance Created,Beşiktaş JK,DF,33,True,1
Rıdvan Yılmaz,33,Beşiktaş JK,DF,False,81,Starter (Sub off 82') 🅰️🅰️ (2 Ast),Chance Created,88.59,12.62,113.89,34.3,True,Key Pass Delivered,8.4,Rıdvan Yılmaz,Chance Created,Beşiktaş JK,DF,33,True,1
Rıdvan Yılmaz,33,Beşiktaş JK,DF,False,81,Starter (Sub off 82') 🅰️🅰️ (2 Ast),Chance Created,87.0,44.9,103.14,47.03,True,Key Pass Delivered,8.4,Rıdvan Yılmaz,Chance Created,Beşiktaş JK,DF,33,True,1
Rıdvan Yılmaz,33,Beşiktaş JK,DF,False,81,Starter (Sub off 82') 🅰️🅰️ (2 Ast),Chance Created,104.59,58.21,104.24,46.98,True,Key Pass Delivered,8.4,Rıdvan Yılmaz,Chance Created,Beşiktaş JK,DF,33,True,1
Rıdvan Yılmaz,33,Beşiktaş JK,DF,False,81,Starter (Sub off 82') 🅰️🅰️ (2 Ast),Chance Created,90.33,18.03,109.14,47.94,True,Key Pass Delivered,8.4,Rıdvan Yılmaz,Chance Created,Beşiktaş JK,DF,33,True,1
Rıdvan Yılmaz,33,Beşiktaş JK,DF,False,81,Starter (Sub off 82') 🅰️🅰️ (2 Ast),Chance Created,88.49,14.49,103.33,46.3,True,Key Pass Delivered,8.4,Rıdvan Yılmaz,Chance Created,Beşiktaş JK,DF,33,True,1
Rıdvan Yılmaz,33,Beşiktaş JK,DF,False,81,Starter (Sub off 82') 🅰️🅰️ (2 Ast),Foul Won,66.18,5.63,66.18,5.63,True,Free Kick Awarded,8.4,Rıdvan Yılmaz,Foul Won,Beşiktaş JK,DF,33,True,1
Rıdvan Yılmaz,33,Beşiktaş JK,DF,False,81,Starter (Sub off 82') 🅰️🅰️ (2 Ast),Foul Won,65.49,18.55,65.49,18.55,True,Free Kick Awarded,8.4,Rıdvan Yılmaz,Foul Won,Beşiktaş JK,DF,33,True,1
Salih Özcan,6,Beşiktaş JK,MF,False,90,Starter (Full 90'),Pass,79.88,54.69,95.39,73.67,True,Completed,8.3,Salih Özcan,Pass,Beşiktaş JK,MF,6,True,1
Salih Özcan,6,Beşiktaş JK,MF,False,90,Starter (Full 90'),Pass,69.18,34.61,83.47,35.94,True,Completed,8.3,Salih Özcan,Pass,Beşiktaş JK,MF,6,True,1
Salih Özcan,6,Beşiktaş JK,MF,False,90,Starter (Full 90'),Pass,60.32,16.21,85.93,2.0,True,Completed,8.3,Salih Özcan,Pass,Beşiktaş JK,MF,6,True,1
Salih Özcan,6,Beşiktaş JK,MF,False,90,Starter (Full 90'),Pass,75.45,44.96,79.5,64.48,True,Completed,8.3,Salih Özcan,Pass,Beşiktaş JK,MF,6,True,1
Salih Özcan,6,Beşiktaş JK,MF,False,90,Starter (Full 90'),Pass,59.47,25.88,67.55,38.82,True,Completed,8.3,Salih Özcan,Pass,Beşiktaş JK,MF,6,True,1
Salih Özcan,6,Beşiktaş JK,MF,False,90,Starter (Full 90'),Pass,75.45,49.81,75.36,37.59,True,Completed,8.3,Salih Özcan,Pass,Beşiktaş JK,MF,6,True,1
Salih Özcan,6,Beşiktaş JK,MF,False,90,Starter (Full 90'),Pass,34.27,56.72,57.6,43.57,True,Completed,8.3,Salih Özcan,Pass,Beşiktaş JK,MF,6,True,1
Salih Özcan,6,Beşiktaş JK,MF,False,90,Starter (Full 90'),Pass,11.19,62.33,35.51,70.65,True,Completed,8.3,Salih Özcan,Pass,Beşiktaş JK,MF,6,True,1
Salih Özcan,6,Beşiktaş JK,MF,False,90,Starter (Full 90'),Pass,74.95,59.1,95.48,64.64,True,Completed,8.3,Salih Özcan,Pass,Beşiktaş JK,MF,6,True,1
Salih Özcan,6,Beşiktaş JK,MF,False,90,Starter (Full 90'),Pass,59.17,13.39,69.66,3.91,True,Completed,8.3,Salih Özcan,Pass,Beşiktaş JK,MF,6,True,1
Salih Özcan,6,Beşiktaş JK,MF,False,90,Starter (Full 90'),Pass,80.27,54.43,105.9,51.24,True,Completed,8.3,Salih Özcan,Pass,Beşiktaş JK,MF,6,True,1
Salih Özcan,6,Beşiktaş JK,MF,False,90,Starter (Full 90'),Pass,62.52,76.0,68.7,78.0,True,Completed,8.3,Salih Özcan,Pass,Beşiktaş JK,MF,6,True,1
Salih Özcan,6,Beşiktaş JK,MF,False,90,Starter (Full 90'),Pass,67.9,48.96,84.67,50.11,True,Completed,8.3,Salih Özcan,Pass,Beşiktaş JK,MF,6,True,1
Salih Özcan,6,Beşiktaş JK,MF,False,90,Starter (Full 90'),Pass,60.8,55.85,63.97,68.91,False,Incompleted,8.3,Salih Özcan,Pass,Beşiktaş JK,MF,6,False,0
Salih Özcan,6,Beşiktaş JK,MF,False,90,Starter (Full 90'),Pass,73.97,44.87,86.68,49.51,True,Completed,8.3,Salih Özcan,Pass,Beşiktaş JK,MF,6,True,1
Salih Özcan,6,Beşiktaş JK,MF,False,90,Starter (Full 90'),Pass,75.61,61.58,89.84,63.38,True,Completed,8.3,Salih Özcan,Pass,Beşiktaş JK,MF,6,True,1
Salih Özcan,6,Beşiktaş JK,MF,False,90,Starter (Full 90'),Pass,53.09,21.75,67.94,30.89,True,Completed,8.3,Salih Özcan,Pass,Beşiktaş JK,MF,6,True,1
Salih Özcan,6,Beşiktaş JK,MF,False,90,Starter (Full 90'),Pass,32.92,30.71,61.38,25.64,True,Completed,8.3,Salih Özcan,Pass,Beşiktaş JK,MF,6,True,1
Salih Özcan,6,Beşiktaş JK,MF,False,90,Starter (Full 90'),Pass,89.61,44.04,103.6,52.47,True,Completed,8.3,Salih Özcan,Pass,Beşiktaş JK,MF,6,True,1
Salih Özcan,6,Beşiktaş JK,MF,False,90,Starter (Full 90'),Pass,65.17,48.61,65.32,62.04,True,Completed,8.3,Salih Özcan,Pass,Beşiktaş JK,MF,6,True,1
Salih Özcan,6,Beşiktaş JK,MF,False,90,Starter (Full 90'),Pass,101.01,76.0,118.0,75.72,True,Completed,8.3,Salih Özcan,Pass,Beşiktaş JK,MF,6,True,1
Salih Özcan,6,Beşiktaş JK,MF,False,90,Starter (Full 90'),Pass,47.21,15.41,74.28,20.8,True,Completed,8.3,Salih Özcan,Pass,Beşiktaş JK,MF,6,True,1
Salih Özcan,6,Beşiktaş JK,MF,False,90,Starter (Full 90'),Pass,36.94,4.0,52.23,32.41,True,Completed,8.3,Salih Özcan,Pass,Beşiktaş JK,MF,6,True,1
Salih Özcan,6,Beşiktaş JK,MF,False,90,Starter (Full 90'),Pass,35.02,49.17,48.32,66.84,True,Completed,8.3,Salih Özcan,Pass,Beşiktaş JK,MF,6,True,1
Salih Özcan,6,Beşiktaş JK,MF,False,90,Starter (Full 90'),Pass,83.67,43.42,94.8,57.6,True,Completed,8.3,Salih Özcan,Pass,Beşiktaş JK,MF,6,True,1
Salih Özcan,6,Beşiktaş JK,MF,False,90,Starter (Full 90'),Pass,47.5,50.88,81.48,51.64,True,Completed,8.3,Salih Özcan,Pass,Beşiktaş JK,MF,6,True,1
Salih Özcan,6,Beşiktaş JK,MF,False,90,Starter (Full 90'),Pass,74.28,60.04,93.45,72.88,True,Completed,8.3,Salih Özcan,Pass,Beşiktaş JK,MF,6,True,1
Salih Özcan,6,Beşiktaş JK,MF,False,90,Starter (Full 90'),Pass,25.85,33.52,55.32,36.32,True,Completed,8.3,Salih Özcan,Pass,Beşiktaş JK,MF,6,True,1
Salih Özcan,6,Beşiktaş JK,MF,False,90,Starter (Full 90'),Pass,52.55,39.93,65.34,35.95,True,Completed,8.3,Salih Özcan,Pass,Beşiktaş JK,MF,6,True,1
Salih Özcan,6,Beşiktaş JK,MF,False,90,Starter (Full 90'),Pass,53.23,67.28,85.77,54.69,True,Completed,8.3,Salih Özcan,Pass,Beşiktaş JK,MF,6,True,1
Salih Özcan,6,Beşiktaş JK,MF,False,90,Starter (Full 90'),Pass,57.23,53.85,73.68,65.21,False,Incompleted,8.3,Salih Özcan,Pass,Beşiktaş JK,MF,6,False,0
Salih Özcan,6,Beşiktaş JK,MF,False,90,Starter (Full 90'),Pass,70.71,23.39,85.5,15.37,True,Completed,8.3,Salih Özcan,Pass,Beşiktaş JK,MF,6,True,1
Salih Özcan,6,Beşiktaş JK,MF,False,90,Starter (Full 90'),Pass,86.88,51.01,104.56,45.12,False,Incompleted,8.3,Salih Özcan,Pass,Beşiktaş JK,MF,6,False,0
Salih Özcan,6,Beşiktaş JK,MF,False,90,Starter (Full 90'),Pass,62.32,56.98,76.26,58.33,True,Completed,8.3,Salih Özcan,Pass,Beşiktaş JK,MF,6,True,1
Salih Özcan,6,Beşiktaş JK,MF,False,90,Starter (Full 90'),Pass,55.61,35.52,68.24,14.67,True,Completed,8.3,Salih Özcan,Pass,Beşiktaş JK,MF,6,True,1
Salih Özcan,6,Beşiktaş JK,MF,False,90,Starter (Full 90'),Pass,61.18,28.88,85.88,23.46,True,Completed,8.3,Salih Özcan,Pass,Beşiktaş JK,MF,6,True,1
Salih Özcan,6,Beşiktaş JK,MF,False,90,Starter (Full 90'),Pass,60.05,41.05,75.34,37.04,True,Completed,8.3,Salih Özcan,Pass,Beşiktaş JK,MF,6,True,1
Salih Özcan,6,Beşiktaş JK,MF,False,90,Starter (Full 90'),Pass,89.43,49.76,102.52,39.11,True,Completed,8.3,Salih Özcan,Pass,Beşiktaş JK,MF,6,True,1
Salih Özcan,6,Beşiktaş JK,MF,False,90,Starter (Full 90'),Pass,37.5,56.57,59.95,49.96,True,Completed,8.3,Salih Özcan,Pass,Beşiktaş JK,MF,6,True,1
Salih Özcan,6,Beşiktaş JK,MF,False,90,Starter (Full 90'),Pass,61.0,76.0,81.57,54.35,True,Completed,8.3,Salih Özcan,Pass,Beşiktaş JK,MF,6,True,1
Salih Özcan,6,Beşiktaş JK,MF,False,90,Starter (Full 90'),Pass,35.69,30.27,49.48,43.52,True,Completed,8.3,Salih Özcan,Pass,Beşiktaş JK,MF,6,True,1
Salih Özcan,6,Beşiktaş JK,MF,False,90,Starter (Full 90'),Pass,31.46,27.44,47.56,17.45,True,Completed,8.3,Salih Özcan,Pass,Beşiktaş JK,MF,6,True,1
Salih Özcan,6,Beşiktaş JK,MF,False,90,Starter (Full 90'),Pass,52.34,39.22,60.57,53.93,True,Completed,8.3,Salih Özcan,Pass,Beşiktaş JK,MF,6,True,1
Salih Özcan,6,Beşiktaş JK,MF,False,90,Starter (Full 90'),Pass,84.75,47.07,116.5,58.03,True,Completed,8.3,Salih Özcan,Pass,Beşiktaş JK,MF,6,True,1
Salih Özcan,6,Beşiktaş JK,MF,False,90,Starter (Full 90'),Pass,41.43,62.43,53.42,68.41,True,Completed,8.3,Salih Özcan,Pass,Beşiktaş JK,MF,6,True,1
Salih Özcan,6,Beşiktaş JK,MF,False,90,Starter (Full 90'),Pass,52.54,36.15,57.98,49.08,True,Completed,8.3,Salih Özcan,Pass,Beşiktaş JK,MF,6,True,1
Salih Özcan,6,Beşiktaş JK,MF,False,90,Starter (Full 90'),Pass,30.03,64.3,36.73,78.0,True,Completed,8.3,Salih Özcan,Pass,Beşiktaş JK,MF,6,True,1
Salih Özcan,6,Beşiktaş JK,MF,False,90,Starter (Full 90'),Pass,61.58,60.54,87.59,61.48,False,Incompleted,8.3,Salih Özcan,Pass,Beşiktaş JK,MF,6,False,0
Salih Özcan,6,Beşiktaş JK,MF,False,90,Starter (Full 90'),Pass,51.68,41.55,67.6,29.89,True,Completed,8.3,Salih Özcan,Pass,Beşiktaş JK,MF,6,True,1
Salih Özcan,6,Beşiktaş JK,MF,False,90,Starter (Full 90'),Pass,93.16,26.13,109.29,45.97,False,Incompleted,8.3,Salih Özcan,Pass,Beşiktaş JK,MF,6,False,0
Salih Özcan,6,Beşiktaş JK,MF,False,90,Starter (Full 90'),Pass,64.46,44.81,77.59,42.22,True,Completed,8.3,Salih Özcan,Pass,Beşiktaş JK,MF,6,True,1
Salih Özcan,6,Beşiktaş JK,MF,False,90,Starter (Full 90'),Pass,74.32,47.4,101.75,30.95,True,Completed,8.3,Salih Özcan,Pass,Beşiktaş JK,MF,6,True,1
Salih Özcan,6,Beşiktaş JK,MF,False,90,Starter (Full 90'),Pass,57.72,44.53,85.55,61.21,False,Incompleted,8.3,Salih Özcan,Pass,Beşiktaş JK,MF,6,False,0
Salih Özcan,6,Beşiktaş JK,MF,False,90,Starter (Full 90'),Pass,46.01,28.63,69.39,47.52,True,Completed,8.3,Salih Özcan,Pass,Beşiktaş JK,MF,6,True,1
Salih Özcan,6,Beşiktaş JK,MF,False,90,Starter (Full 90'),Pass,84.28,20.87,103.84,20.8,True,Completed,8.3,Salih Özcan,Pass,Beşiktaş JK,MF,6,True,1
Salih Özcan,6,Beşiktaş JK,MF,False,90,Starter (Full 90'),Pass,86.57,65.32,108.72,58.02,True,Completed,8.3,Salih Özcan,Pass,Beşiktaş JK,MF,6,True,1
Salih Özcan,6,Beşiktaş JK,MF,False,90,Starter (Full 90'),Pass,95.14,49.46,107.0,53.92,True,Completed,8.3,Salih Özcan,Pass,Beşiktaş JK,MF,6,True,1
Salih Özcan,6,Beşiktaş JK,MF,False,90,Starter (Full 90'),Pass,63.3,72.2,83.09,78.0,True,Completed,8.3,Salih Özcan,Pass,Beşiktaş JK,MF,6,True,1
Salih Özcan,6,Beşiktaş JK,MF,False,90,Starter (Full 90'),Pass,69.67,37.43,84.77,35.17,True,Completed,8.3,Salih Özcan,Pass,Beşiktaş JK,MF,6,True,1
Salih Özcan,6,Beşiktaş JK,MF,False,90,Starter (Full 90'),Pass,9.41,36.76,40.6,30.09,True,Completed,8.3,Salih Özcan,Pass,Beşiktaş JK,MF,6,True,1
Salih Özcan,6,Beşiktaş JK,MF,False,90,Starter (Full 90'),Pass,84.66,46.08,106.8,55.75,True,Completed,8.3,Salih Özcan,Pass,Beşiktaş JK,MF,6,True,1
Salih Özcan,6,Beşiktaş JK,MF,False,90,Starter (Full 90'),Pass,80.32,43.93,96.19,61.03,True,Completed,8.3,Salih Özcan,Pass,Beşiktaş JK,MF,6,True,1
Salih Özcan,6,Beşiktaş JK,MF,False,90,Starter (Full 90'),Pass,69.23,46.55,73.39,67.51,True,Completed,8.3,Salih Özcan,Pass,Beşiktaş JK,MF,6,True,1
Salih Özcan,6,Beşiktaş JK,MF,False,90,Starter (Full 90'),Pass,33.89,11.33,52.43,22.57,True,Completed,8.3,Salih Özcan,Pass,Beşiktaş JK,MF,6,True,1
Salih Özcan,6,Beşiktaş JK,MF,False,90,Starter (Full 90'),Pass,43.08,14.74,61.41,2.0,True,Completed,8.3,Salih Özcan,Pass,Beşiktaş JK,MF,6,True,1
Salih Özcan,6,Beşiktaş JK,MF,False,90,Starter (Full 90'),Pass,44.12,48.88,76.21,43.5,True,Completed,8.3,Salih Özcan,Pass,Beşiktaş JK,MF,6,True,1
Salih Özcan,6,Beşiktaş JK,MF,False,90,Starter (Full 90'),Pass,82.21,31.11,88.23,53.4,True,Completed,8.3,Salih Özcan,Pass,Beşiktaş JK,MF,6,True,1
Salih Özcan,6,Beşiktaş JK,MF,False,90,Starter (Full 90'),Pass,50.01,36.07,66.53,36.19,True,Completed,8.3,Salih Özcan,Pass,Beşiktaş JK,MF,6,True,1
Salih Özcan,6,Beşiktaş JK,MF,False,90,Starter (Full 90'),Pass,64.55,59.65,88.53,66.24,True,Completed,8.3,Salih Özcan,Pass,Beşiktaş JK,MF,6,True,1
Salih Özcan,6,Beşiktaş JK,MF,False,90,Starter (Full 90'),Pass,61.88,28.13,81.79,46.9,True,Completed,8.3,Salih Özcan,Pass,Beşiktaş JK,MF,6,True,1
Salih Özcan,6,Beşiktaş JK,MF,False,90,Starter (Full 90'),Pass,79.17,54.57,90.78,67.92,True,Completed,8.3,Salih Özcan,Pass,Beşiktaş JK,MF,6,True,1
Salih Özcan,6,Beşiktaş JK,MF,False,90,Starter (Full 90'),Pass,58.26,39.02,75.99,38.32,True,Completed,8.3,Salih Özcan,Pass,Beşiktaş JK,MF,6,True,1
Salih Özcan,6,Beşiktaş JK,MF,False,90,Starter (Full 90'),Pass,61.79,50.41,74.84,47.56,True,Completed,8.3,Salih Özcan,Pass,Beşiktaş JK,MF,6,True,1
Salih Özcan,6,Beşiktaş JK,MF,False,90,Starter (Full 90'),Pass,46.51,42.46,69.13,66.79,True,Completed,8.3,Salih Özcan,Pass,Beşiktaş JK,MF,6,True,1
Salih Özcan,6,Beşiktaş JK,MF,False,90,Starter (Full 90'),Pass,94.47,49.05,111.84,51.43,True,Completed,8.3,Salih Özcan,Pass,Beşiktaş JK,MF,6,True,1
Salih Özcan,6,Beşiktaş JK,MF,False,90,Starter (Full 90'),Pass,68.58,35.06,89.34,33.9,True,Completed,8.3,Salih Özcan,Pass,Beşiktaş JK,MF,6,True,1
Salih Özcan,6,Beşiktaş JK,MF,False,90,Starter (Full 90'),Pass,43.67,9.66,67.29,17.11,True,Completed,8.3,Salih Özcan,Pass,Beşiktaş JK,MF,6,True,1
Salih Özcan,6,Beşiktaş JK,MF,False,90,Starter (Full 90'),Pass,43.89,66.12,64.33,64.78,True,Completed,8.3,Salih Özcan,Pass,Beşiktaş JK,MF,6,True,1
Salih Özcan,6,Beşiktaş JK,MF,False,90,Starter (Full 90'),Pass,71.12,76.0,90.4,78.0,True,Completed,8.3,Salih Özcan,Pass,Beşiktaş JK,MF,6,True,1
Salih Özcan,6,Beşiktaş JK,MF,False,90,Starter (Full 90'),Pass,66.19,61.94,87.06,74.03,True,Completed,8.3,Salih Özcan,Pass,Beşiktaş JK,MF,6,True,1
Salih Özcan,6,Beşiktaş JK,MF,False,90,Starter (Full 90'),Pass,98.4,46.15,112.7,44.95,True,Completed,8.3,Salih Özcan,Pass,Beşiktaş JK,MF,6,True,1
Salih Özcan,6,Beşiktaş JK,MF,False,90,Starter (Full 90'),Pass,62.17,23.95,56.25,39.99,True,Completed,8.3,Salih Özcan,Pass,Beşiktaş JK,MF,6,True,1
Salih Özcan,6,Beşiktaş JK,MF,False,90,Starter (Full 90'),Pass,31.2,18.8,48.71,35.2,True,Completed,8.3,Salih Özcan,Pass,Beşiktaş JK,MF,6,True,1
Salih Özcan,6,Beşiktaş JK,MF,False,90,Starter (Full 90'),Pass,36.66,76.0,62.24,78.0,True,Completed,8.3,Salih Özcan,Pass,Beşiktaş JK,MF,6,True,1
Salih Özcan,6,Beşiktaş JK,MF,False,90,Starter (Full 90'),Pass,65.65,54.84,91.19,34.06,True,Completed,8.3,Salih Özcan,Pass,Beşiktaş JK,MF,6,True,1
Salih Özcan,6,Beşiktaş JK,MF,False,90,Starter (Full 90'),Shot,90.93,45.77,120.0,37.06,True,On Target / Blocked,8.3,Salih Özcan,Shot,Beşiktaş JK,MF,6,True,1
Salih Özcan,6,Beşiktaş JK,MF,False,90,Starter (Full 90'),Tackle,41.44,67.35,43.92,64.6,True,Won,8.3,Salih Özcan,Tackle,Beşiktaş JK,MF,6,True,1
Salih Özcan,6,Beşiktaş JK,MF,False,90,Starter (Full 90'),Tackle,60.83,46.94,59.0,43.16,True,Won,8.3,Salih Özcan,Tackle,Beşiktaş JK,MF,6,True,1
Salih Özcan,6,Beşiktaş JK,MF,False,90,Starter (Full 90'),Interception,105.17,23.61,115.34,25.7,True,Intercepted,8.3,Salih Özcan,Interception,Beşiktaş JK,MF,6,True,1
Salih Özcan,6,Beşiktaş JK,MF,False,90,Starter (Full 90'),Interception,57.59,44.71,69.11,43.61,True,Intercepted,8.3,Salih Özcan,Interception,Beşiktaş JK,MF,6,True,1
Salih Özcan,6,Beşiktaş JK,MF,False,90,Starter (Full 90'),Foul Won,49.65,71.05,49.65,71.05,True,Free Kick Awarded,8.3,Salih Özcan,Foul Won,Beşiktaş JK,MF,6,True,1
Junior Olaitan,15,Beşiktaş JK,MF,False,60,Starter (Sub off 61'),Pass,94.64,27.11,117.8,28.61,True,Completed,6.62,Junior Olaitan,Pass,Beşiktaş JK,MF,15,True,1
Junior Olaitan,15,Beşiktaş JK,MF,False,60,Starter (Sub off 61'),Pass,80.58,64.06,97.11,74.54,True,Completed,6.62,Junior Olaitan,Pass,Beşiktaş JK,MF,15,True,1
Junior Olaitan,15,Beşiktaş JK,MF,False,60,Starter (Sub off 61'),Pass,76.67,70.41,99.41,70.73,True,Completed,6.62,Junior Olaitan,Pass,Beşiktaş JK,MF,15,True,1
Junior Olaitan,15,Beşiktaş JK,MF,False,60,Starter (Sub off 61'),Pass,50.95,47.17,80.19,44.04,True,Completed,6.62,Junior Olaitan,Pass,Beşiktaş JK,MF,15,True,1
Junior Olaitan,15,Beşiktaş JK,MF,False,60,Starter (Sub off 61'),Pass,55.12,42.98,57.55,29.42,True,Completed,6.62,Junior Olaitan,Pass,Beşiktaş JK,MF,15,True,1
Junior Olaitan,15,Beşiktaş JK,MF,False,60,Starter (Sub off 61'),Pass,78.64,75.82,102.59,78.0,True,Completed,6.62,Junior Olaitan,Pass,Beşiktaş JK,MF,15,True,1
Junior Olaitan,15,Beşiktaş JK,MF,False,60,Starter (Sub off 61'),Pass,101.55,68.82,118.0,75.98,False,Incompleted,6.62,Junior Olaitan,Pass,Beşiktaş JK,MF,15,False,0
Junior Olaitan,15,Beşiktaş JK,MF,False,60,Starter (Sub off 61'),Pass,63.45,76.0,61.0,78.0,True,Completed,6.62,Junior Olaitan,Pass,Beşiktaş JK,MF,15,True,1
Junior Olaitan,15,Beşiktaş JK,MF,False,60,Starter (Sub off 61'),Pass,65.25,44.97,81.9,42.2,True,Completed,6.62,Junior Olaitan,Pass,Beşiktaş JK,MF,15,True,1
Junior Olaitan,15,Beşiktaş JK,MF,False,60,Starter (Sub off 61'),Pass,85.23,34.77,95.63,17.79,True,Completed,6.62,Junior Olaitan,Pass,Beşiktaş JK,MF,15,True,1
Junior Olaitan,15,Beşiktaş JK,MF,False,60,Starter (Sub off 61'),Pass,83.59,60.57,98.43,60.2,True,Completed,6.62,Junior Olaitan,Pass,Beşiktaş JK,MF,15,True,1
Junior Olaitan,15,Beşiktaş JK,MF,False,60,Starter (Sub off 61'),Pass,37.22,76.0,53.43,75.07,True,Completed,6.62,Junior Olaitan,Pass,Beşiktaş JK,MF,15,True,1
Junior Olaitan,15,Beşiktaş JK,MF,False,60,Starter (Sub off 61'),Pass,75.03,73.43,89.05,78.0,True,Completed,6.62,Junior Olaitan,Pass,Beşiktaş JK,MF,15,True,1
Junior Olaitan,15,Beşiktaş JK,MF,False,60,Starter (Sub off 61'),Pass,69.62,54.57,95.67,65.27,True,Completed,6.62,Junior Olaitan,Pass,Beşiktaş JK,MF,15,True,1
Junior Olaitan,15,Beşiktaş JK,MF,False,60,Starter (Sub off 61'),Pass,94.53,76.0,118.0,76.06,False,Incompleted,6.62,Junior Olaitan,Pass,Beşiktaş JK,MF,15,False,0
Junior Olaitan,15,Beşiktaş JK,MF,False,60,Starter (Sub off 61'),Pass,54.87,62.89,78.04,73.19,True,Completed,6.62,Junior Olaitan,Pass,Beşiktaş JK,MF,15,True,1
Junior Olaitan,15,Beşiktaş JK,MF,False,60,Starter (Sub off 61'),Pass,80.23,76.0,109.6,78.0,True,Completed,6.62,Junior Olaitan,Pass,Beşiktaş JK,MF,15,True,1
Junior Olaitan,15,Beşiktaş JK,MF,False,60,Starter (Sub off 61'),Pass,93.42,72.99,118.0,64.02,True,Completed,6.62,Junior Olaitan,Pass,Beşiktaş JK,MF,15,True,1
Junior Olaitan,15,Beşiktaş JK,MF,False,60,Starter (Sub off 61'),Pass,87.48,76.0,101.26,78.0,True,Completed,6.62,Junior Olaitan,Pass,Beşiktaş JK,MF,15,True,1
Junior Olaitan,15,Beşiktaş JK,MF,False,60,Starter (Sub off 61'),Pass,58.8,55.71,72.74,59.24,True,Completed,6.62,Junior Olaitan,Pass,Beşiktaş JK,MF,15,True,1
Junior Olaitan,15,Beşiktaş JK,MF,False,60,Starter (Sub off 61'),Pass,84.39,48.9,77.46,73.83,True,Completed,6.62,Junior Olaitan,Pass,Beşiktaş JK,MF,15,True,1
Junior Olaitan,15,Beşiktaş JK,MF,False,60,Starter (Sub off 61'),Pass,63.58,76.0,98.31,77.74,True,Completed,6.62,Junior Olaitan,Pass,Beşiktaş JK,MF,15,True,1
Junior Olaitan,15,Beşiktaş JK,MF,False,60,Starter (Sub off 61'),Pass,73.88,72.1,94.91,67.65,True,Completed,6.62,Junior Olaitan,Pass,Beşiktaş JK,MF,15,True,1
Junior Olaitan,15,Beşiktaş JK,MF,False,60,Starter (Sub off 61'),Pass,86.33,76.0,115.02,76.39,True,Completed,6.62,Junior Olaitan,Pass,Beşiktaş JK,MF,15,True,1
Junior Olaitan,15,Beşiktaş JK,MF,False,60,Starter (Sub off 61'),Pass,56.04,72.94,78.83,61.89,True,Completed,6.62,Junior Olaitan,Pass,Beşiktaş JK,MF,15,True,1
Junior Olaitan,15,Beşiktaş JK,MF,False,60,Starter (Sub off 61'),Pass,86.04,61.55,101.33,60.97,True,Completed,6.62,Junior Olaitan,Pass,Beşiktaş JK,MF,15,True,1
Junior Olaitan,15,Beşiktaş JK,MF,False,60,Starter (Sub off 61'),Pass,55.88,63.61,77.43,69.8,True,Completed,6.62,Junior Olaitan,Pass,Beşiktaş JK,MF,15,True,1
Junior Olaitan,15,Beşiktaş JK,MF,False,60,Starter (Sub off 61'),Pass,80.91,67.01,99.17,72.71,True,Completed,6.62,Junior Olaitan,Pass,Beşiktaş JK,MF,15,True,1
Junior Olaitan,15,Beşiktaş JK,MF,False,60,Starter (Sub off 61'),Pass,74.86,72.02,104.18,72.99,True,Completed,6.62,Junior Olaitan,Pass,Beşiktaş JK,MF,15,True,1
Junior Olaitan,15,Beşiktaş JK,MF,False,60,Starter (Sub off 61'),Pass,90.45,45.06,97.68,66.83,True,Completed,6.62,Junior Olaitan,Pass,Beşiktaş JK,MF,15,True,1
Junior Olaitan,15,Beşiktaş JK,MF,False,60,Starter (Sub off 61'),Pass,80.34,76.0,102.82,50.92,True,Completed,6.62,Junior Olaitan,Pass,Beşiktaş JK,MF,15,True,1
Junior Olaitan,15,Beşiktaş JK,MF,False,60,Starter (Sub off 61'),Pass,79.7,40.1,98.12,36.97,True,Completed,6.62,Junior Olaitan,Pass,Beşiktaş JK,MF,15,True,1
Junior Olaitan,15,Beşiktaş JK,MF,False,60,Starter (Sub off 61'),Pass,75.71,51.54,97.41,34.68,True,Completed,6.62,Junior Olaitan,Pass,Beşiktaş JK,MF,15,True,1
Junior Olaitan,15,Beşiktaş JK,MF,False,60,Starter (Sub off 61'),Pass,62.65,39.97,51.5,70.36,True,Completed,6.62,Junior Olaitan,Pass,Beşiktaş JK,MF,15,True,1
Junior Olaitan,15,Beşiktaş JK,MF,False,60,Starter (Sub off 61'),Pass,76.59,55.64,107.85,60.24,True,Completed,6.62,Junior Olaitan,Pass,Beşiktaş JK,MF,15,True,1
Junior Olaitan,15,Beşiktaş JK,MF,False,60,Starter (Sub off 61'),Pass,95.1,43.83,112.14,41.25,True,Completed,6.62,Junior Olaitan,Pass,Beşiktaş JK,MF,15,True,1
Junior Olaitan,15,Beşiktaş JK,MF,False,60,Starter (Sub off 61'),Shot,102.98,22.0,120.0,36.0,True,On Target / Blocked,6.62,Junior Olaitan,Shot,Beşiktaş JK,MF,15,True,1
Orkun Kökçü,10,Beşiktaş JK,MF,False,90,Starter (Full 90') ⚽ (60') 🌟 MVP,Pass,64.91,55.75,76.73,58.94,True,Completed,10.0,Orkun Kökçü,Pass,Beşiktaş JK,MF,10,True,1
Orkun Kökçü,10,Beşiktaş JK,MF,False,90,Starter (Full 90') ⚽ (60') 🌟 MVP,Pass,95.76,53.04,109.76,34.06,False,Incompleted,10.0,Orkun Kökçü,Pass,Beşiktaş JK,MF,10,False,0
Orkun Kökçü,10,Beşiktaş JK,MF,False,90,Starter (Full 90') ⚽ (60') 🌟 MVP,Pass,88.21,58.37,105.96,78.0,True,Completed,10.0,Orkun Kökçü,Pass,Beşiktaş JK,MF,10,True,1
Orkun Kökçü,10,Beşiktaş JK,MF,False,90,Starter (Full 90') ⚽ (60') 🌟 MVP,Pass,72.01,55.18,86.03,53.74,True,Completed,10.0,Orkun Kökçü,Pass,Beşiktaş JK,MF,10,True,1
Orkun Kökçü,10,Beşiktaş JK,MF,False,90,Starter (Full 90') ⚽ (60') 🌟 MVP,Pass,79.7,52.45,108.65,65.41,True,Completed,10.0,Orkun Kökçü,Pass,Beşiktaş JK,MF,10,True,1
Orkun Kökçü,10,Beşiktaş JK,MF,False,90,Starter (Full 90') ⚽ (60') 🌟 MVP,Pass,68.58,72.79,101.46,76.81,True,Completed,10.0,Orkun Kökçü,Pass,Beşiktaş JK,MF,10,True,1
Orkun Kökçü,10,Beşiktaş JK,MF,False,90,Starter (Full 90') ⚽ (60') 🌟 MVP,Pass,82.95,20.3,111.11,7.0,True,Completed,10.0,Orkun Kökçü,Pass,Beşiktaş JK,MF,10,True,1
Orkun Kökçü,10,Beşiktaş JK,MF,False,90,Starter (Full 90') ⚽ (60') 🌟 MVP,Pass,112.74,7.63,118.0,26.92,True,Completed,10.0,Orkun Kökçü,Pass,Beşiktaş JK,MF,10,True,1
Orkun Kökçü,10,Beşiktaş JK,MF,False,90,Starter (Full 90') ⚽ (60') 🌟 MVP,Pass,103.77,4.0,118.0,13.17,True,Completed,10.0,Orkun Kökçü,Pass,Beşiktaş JK,MF,10,True,1
Orkun Kökçü,10,Beşiktaş JK,MF,False,90,Starter (Full 90') ⚽ (60') 🌟 MVP,Pass,116.0,23.06,118.0,27.72,True,Completed,10.0,Orkun Kökçü,Pass,Beşiktaş JK,MF,10,True,1
Orkun Kökçü,10,Beşiktaş JK,MF,False,90,Starter (Full 90') ⚽ (60') 🌟 MVP,Pass,82.75,26.43,106.63,30.37,True,Completed,10.0,Orkun Kökçü,Pass,Beşiktaş JK,MF,10,True,1
Orkun Kökçü,10,Beşiktaş JK,MF,False,90,Starter (Full 90') ⚽ (60') 🌟 MVP,Pass,92.28,27.6,116.05,32.89,True,Completed,10.0,Orkun Kökçü,Pass,Beşiktaş JK,MF,10,True,1
Orkun Kökçü,10,Beşiktaş JK,MF,False,90,Starter (Full 90') ⚽ (60') 🌟 MVP,Pass,88.25,5.9,111.15,2.0,True,Completed,10.0,Orkun Kökçü,Pass,Beşiktaş JK,MF,10,True,1
Orkun Kökçü,10,Beşiktaş JK,MF,False,90,Starter (Full 90') ⚽ (60') 🌟 MVP,Pass,64.83,51.61,69.43,62.82,True,Completed,10.0,Orkun Kökçü,Pass,Beşiktaş JK,MF,10,True,1
Orkun Kökçü,10,Beşiktaş JK,MF,False,90,Starter (Full 90') ⚽ (60') 🌟 MVP,Pass,89.52,4.0,112.52,13.66,True,Completed,10.0,Orkun Kökçü,Pass,Beşiktaş JK,MF,10,True,1
Orkun Kökçü,10,Beşiktaş JK,MF,False,90,Starter (Full 90') ⚽ (60') 🌟 MVP,Pass,75.42,41.46,89.23,31.42,True,Completed,10.0,Orkun Kökçü,Pass,Beşiktaş JK,MF,10,True,1
Orkun Kökçü,10,Beşiktaş JK,MF,False,90,Starter (Full 90') ⚽ (60') 🌟 MVP,Pass,78.26,35.01,89.94,31.62,True,Completed,10.0,Orkun Kökçü,Pass,Beşiktaş JK,MF,10,True,1
Orkun Kökçü,10,Beşiktaş JK,MF,False,90,Starter (Full 90') ⚽ (60') 🌟 MVP,Pass,73.73,61.67,89.32,62.68,True,Completed,10.0,Orkun Kökçü,Pass,Beşiktaş JK,MF,10,True,1
Orkun Kökçü,10,Beşiktaş JK,MF,False,90,Starter (Full 90') ⚽ (60') 🌟 MVP,Pass,84.35,8.69,99.14,24.63,True,Completed,10.0,Orkun Kökçü,Pass,Beşiktaş JK,MF,10,True,1
Orkun Kökçü,10,Beşiktaş JK,MF,False,90,Starter (Full 90') ⚽ (60') 🌟 MVP,Pass,105.18,76.0,118.0,78.0,True,Completed,10.0,Orkun Kökçü,Pass,Beşiktaş JK,MF,10,True,1
Orkun Kökçü,10,Beşiktaş JK,MF,False,90,Starter (Full 90') ⚽ (60') 🌟 MVP,Pass,72.37,34.94,89.43,9.85,False,Incompleted,10.0,Orkun Kökçü,Pass,Beşiktaş JK,MF,10,False,0
Orkun Kökçü,10,Beşiktaş JK,MF,False,90,Starter (Full 90') ⚽ (60') 🌟 MVP,Pass,82.18,21.3,112.12,10.9,True,Completed,10.0,Orkun Kökçü,Pass,Beşiktaş JK,MF,10,True,1
Orkun Kökçü,10,Beşiktaş JK,MF,False,90,Starter (Full 90') ⚽ (60') 🌟 MVP,Pass,98.06,26.36,114.96,30.2,True,Completed,10.0,Orkun Kökçü,Pass,Beşiktaş JK,MF,10,True,1
Orkun Kökçü,10,Beşiktaş JK,MF,False,90,Starter (Full 90') ⚽ (60') 🌟 MVP,Pass,77.48,44.69,101.92,22.15,True,Completed,10.0,Orkun Kökçü,Pass,Beşiktaş JK,MF,10,True,1
Orkun Kökçü,10,Beşiktaş JK,MF,False,90,Starter (Full 90') ⚽ (60') 🌟 MVP,Pass,75.55,55.25,95.03,60.84,True,Completed,10.0,Orkun Kökçü,Pass,Beşiktaş JK,MF,10,True,1
Orkun Kökçü,10,Beşiktaş JK,MF,False,90,Starter (Full 90') ⚽ (60') 🌟 MVP,Pass,70.18,4.0,76.52,2.0,True,Completed,10.0,Orkun Kökçü,Pass,Beşiktaş JK,MF,10,True,1
Orkun Kökçü,10,Beşiktaş JK,MF,False,90,Starter (Full 90') ⚽ (60') 🌟 MVP,Pass,102.88,45.13,113.5,26.21,True,Completed,10.0,Orkun Kökçü,Pass,Beşiktaş JK,MF,10,True,1
Orkun Kökçü,10,Beşiktaş JK,MF,False,90,Starter (Full 90') ⚽ (60') 🌟 MVP,Pass,87.38,49.13,102.69,44.54,True,Completed,10.0,Orkun Kökçü,Pass,Beşiktaş JK,MF,10,True,1
Orkun Kökçü,10,Beşiktaş JK,MF,False,90,Starter (Full 90') ⚽ (60') 🌟 MVP,Pass,97.66,51.31,110.27,55.47,True,Completed,10.0,Orkun Kökçü,Pass,Beşiktaş JK,MF,10,True,1
Orkun Kökçü,10,Beşiktaş JK,MF,False,90,Starter (Full 90') ⚽ (60') 🌟 MVP,Pass,63.71,61.71,76.95,36.57,True,Completed,10.0,Orkun Kökçü,Pass,Beşiktaş JK,MF,10,True,1
Orkun Kökçü,10,Beşiktaş JK,MF,False,90,Starter (Full 90') ⚽ (60') 🌟 MVP,Pass,53.3,37.38,80.33,59.41,True,Completed,10.0,Orkun Kökçü,Pass,Beşiktaş JK,MF,10,True,1
Orkun Kökçü,10,Beşiktaş JK,MF,False,90,Starter (Full 90') ⚽ (60') 🌟 MVP,Pass,72.29,24.52,88.43,26.98,True,Completed,10.0,Orkun Kökçü,Pass,Beşiktaş JK,MF,10,True,1
Orkun Kökçü,10,Beşiktaş JK,MF,False,90,Starter (Full 90') ⚽ (60') 🌟 MVP,Pass,66.42,63.01,82.17,73.84,True,Completed,10.0,Orkun Kökçü,Pass,Beşiktaş JK,MF,10,True,1
Orkun Kökçü,10,Beşiktaş JK,MF,False,90,Starter (Full 90') ⚽ (60') 🌟 MVP,Pass,67.22,41.15,97.47,30.3,True,Completed,10.0,Orkun Kökçü,Pass,Beşiktaş JK,MF,10,True,1
Orkun Kökçü,10,Beşiktaş JK,MF,False,90,Starter (Full 90') ⚽ (60') 🌟 MVP,Pass,71.36,33.64,86.36,48.28,True,Completed,10.0,Orkun Kökçü,Pass,Beşiktaş JK,MF,10,True,1
Orkun Kökçü,10,Beşiktaş JK,MF,False,90,Starter (Full 90') ⚽ (60') 🌟 MVP,Pass,84.52,6.59,101.11,6.37,True,Completed,10.0,Orkun Kökçü,Pass,Beşiktaş JK,MF,10,True,1
Orkun Kökçü,10,Beşiktaş JK,MF,False,90,Starter (Full 90') ⚽ (60') 🌟 MVP,Pass,71.26,38.37,99.61,48.94,True,Completed,10.0,Orkun Kökçü,Pass,Beşiktaş JK,MF,10,True,1
Orkun Kökçü,10,Beşiktaş JK,MF,False,90,Starter (Full 90') ⚽ (60') 🌟 MVP,Pass,82.49,4.0,103.62,8.13,False,Incompleted,10.0,Orkun Kökçü,Pass,Beşiktaş JK,MF,10,False,0
Orkun Kökçü,10,Beşiktaş JK,MF,False,90,Starter (Full 90') ⚽ (60') 🌟 MVP,Pass,88.42,10.5,95.53,41.51,True,Completed,10.0,Orkun Kökçü,Pass,Beşiktaş JK,MF,10,True,1
Orkun Kökçü,10,Beşiktaş JK,MF,False,90,Starter (Full 90') ⚽ (60') 🌟 MVP,Pass,116.0,25.81,118.0,40.46,True,Completed,10.0,Orkun Kökçü,Pass,Beşiktaş JK,MF,10,True,1
Orkun Kökçü,10,Beşiktaş JK,MF,False,90,Starter (Full 90') ⚽ (60') 🌟 MVP,Pass,100.22,39.38,114.32,22.76,True,Completed,10.0,Orkun Kökçü,Pass,Beşiktaş JK,MF,10,True,1
Orkun Kökçü,10,Beşiktaş JK,MF,False,90,Starter (Full 90') ⚽ (60') 🌟 MVP,Pass,73.04,58.2,78.5,77.24,True,Completed,10.0,Orkun Kökçü,Pass,Beşiktaş JK,MF,10,True,1
Orkun Kökçü,10,Beşiktaş JK,MF,False,90,Starter (Full 90') ⚽ (60') 🌟 MVP,Pass,84.05,47.18,90.42,61.33,True,Completed,10.0,Orkun Kökçü,Pass,Beşiktaş JK,MF,10,True,1
Orkun Kökçü,10,Beşiktaş JK,MF,False,90,Starter (Full 90') ⚽ (60') 🌟 MVP,Pass,86.69,66.81,99.85,78.0,True,Completed,10.0,Orkun Kökçü,Pass,Beşiktaş JK,MF,10,True,1
Orkun Kökçü,10,Beşiktaş JK,MF,False,90,Starter (Full 90') ⚽ (60') 🌟 MVP,Pass,34.57,17.97,46.75,5.61,True,Completed,10.0,Orkun Kökçü,Pass,Beşiktaş JK,MF,10,True,1
Orkun Kökçü,10,Beşiktaş JK,MF,False,90,Starter (Full 90') ⚽ (60') 🌟 MVP,Pass,67.74,64.55,89.18,78.0,True,Completed,10.0,Orkun Kökçü,Pass,Beşiktaş JK,MF,10,True,1
Orkun Kökçü,10,Beşiktaş JK,MF,False,90,Starter (Full 90') ⚽ (60') 🌟 MVP,Pass,111.8,42.66,118.0,52.41,True,Completed,10.0,Orkun Kökçü,Pass,Beşiktaş JK,MF,10,True,1
Orkun Kökçü,10,Beşiktaş JK,MF,False,90,Starter (Full 90') ⚽ (60') 🌟 MVP,Pass,109.17,41.36,118.0,47.94,True,Completed,10.0,Orkun Kökçü,Pass,Beşiktaş JK,MF,10,True,1
Orkun Kökçü,10,Beşiktaş JK,MF,False,90,Starter (Full 90') ⚽ (60') 🌟 MVP,Pass,54.98,46.32,81.2,40.46,False,Incompleted,10.0,Orkun Kökçü,Pass,Beşiktaş JK,MF,10,False,0
Orkun Kökçü,10,Beşiktaş JK,MF,False,90,Starter (Full 90') ⚽ (60') 🌟 MVP,Pass,97.0,52.46,111.67,78.0,False,Incompleted,10.0,Orkun Kökçü,Pass,Beşiktaş JK,MF,10,False,0
Orkun Kökçü,10,Beşiktaş JK,MF,False,90,Starter (Full 90') ⚽ (60') 🌟 MVP,Pass,112.54,45.58,118.0,54.16,False,Incompleted,10.0,Orkun Kökçü,Pass,Beşiktaş JK,MF,10,False,0
Orkun Kökçü,10,Beşiktaş JK,MF,False,90,Starter (Full 90') ⚽ (60') 🌟 MVP,Pass,83.97,35.19,83.03,62.11,True,Completed,10.0,Orkun Kökçü,Pass,Beşiktaş JK,MF,10,True,1
Orkun Kökçü,10,Beşiktaş JK,MF,False,90,Starter (Full 90') ⚽ (60') 🌟 MVP,Pass,78.13,30.22,87.99,4.06,True,Completed,10.0,Orkun Kökçü,Pass,Beşiktaş JK,MF,10,True,1
Orkun Kökçü,10,Beşiktaş JK,MF,False,90,Starter (Full 90') ⚽ (60') 🌟 MVP,Pass,57.26,41.95,88.91,31.33,True,Completed,10.0,Orkun Kökçü,Pass,Beşiktaş JK,MF,10,True,1
Orkun Kökçü,10,Beşiktaş JK,MF,False,90,Starter (Full 90') ⚽ (60') 🌟 MVP,Pass,26.21,58.52,39.39,78.0,True,Completed,10.0,Orkun Kökçü,Pass,Beşiktaş JK,MF,10,True,1
Orkun Kökçü,10,Beşiktaş JK,MF,False,90,Starter (Full 90') ⚽ (60') 🌟 MVP,Pass,78.7,23.84,93.14,7.52,False,Incompleted,10.0,Orkun Kökçü,Pass,Beşiktaş JK,MF,10,False,0
Orkun Kökçü,10,Beşiktaş JK,MF,False,90,Starter (Full 90') ⚽ (60') 🌟 MVP,Pass,71.85,40.28,78.55,29.04,True,Completed,10.0,Orkun Kökçü,Pass,Beşiktaş JK,MF,10,True,1
Orkun Kökçü,10,Beşiktaş JK,MF,False,90,Starter (Full 90') ⚽ (60') 🌟 MVP,Pass,95.27,25.37,118.0,7.45,True,Completed,10.0,Orkun Kökçü,Pass,Beşiktaş JK,MF,10,True,1
Orkun Kökçü,10,Beşiktaş JK,MF,False,90,Starter (Full 90') ⚽ (60') 🌟 MVP,Pass,58.84,44.14,89.07,61.28,True,Completed,10.0,Orkun Kökçü,Pass,Beşiktaş JK,MF,10,True,1
Orkun Kökçü,10,Beşiktaş JK,MF,False,90,Starter (Full 90') ⚽ (60') 🌟 MVP,Pass,42.44,31.04,55.84,44.34,True,Completed,10.0,Orkun Kökçü,Pass,Beşiktaş JK,MF,10,True,1
Orkun Kökçü,10,Beşiktaş JK,MF,False,90,Starter (Full 90') ⚽ (60') 🌟 MVP,Pass,55.95,62.23,69.41,70.72,True,Completed,10.0,Orkun Kökçü,Pass,Beşiktaş JK,MF,10,True,1
Orkun Kökçü,10,Beşiktaş JK,MF,False,90,Starter (Full 90') ⚽ (60') 🌟 MVP,Pass,36.94,48.55,55.04,69.04,True,Completed,10.0,Orkun Kökçü,Pass,Beşiktaş JK,MF,10,True,1
Orkun Kökçü,10,Beşiktaş JK,MF,False,90,Starter (Full 90') ⚽ (60') 🌟 MVP,Pass,48.23,4.0,69.32,8.08,False,Incompleted,10.0,Orkun Kökçü,Pass,Beşiktaş JK,MF,10,False,0
Orkun Kökçü,10,Beşiktaş JK,MF,False,90,Starter (Full 90') ⚽ (60') 🌟 MVP,Pass,82.29,17.39,104.42,26.5,True,Completed,10.0,Orkun Kökçü,Pass,Beşiktaş JK,MF,10,True,1
Orkun Kökçü,10,Beşiktaş JK,MF,False,90,Starter (Full 90') ⚽ (60') 🌟 MVP,Pass,60.66,37.94,79.52,28.69,True,Completed,10.0,Orkun Kökçü,Pass,Beşiktaş JK,MF,10,True,1
Orkun Kökçü,10,Beşiktaş JK,MF,False,90,Starter (Full 90') ⚽ (60') 🌟 MVP,Pass,62.99,63.46,82.28,57.96,False,Incompleted,10.0,Orkun Kökçü,Pass,Beşiktaş JK,MF,10,False,0
Orkun Kökçü,10,Beşiktaş JK,MF,False,90,Starter (Full 90') ⚽ (60') 🌟 MVP,Pass,21.6,53.19,52.99,65.36,False,Incompleted,10.0,Orkun Kökçü,Pass,Beşiktaş JK,MF,10,False,0
Orkun Kökçü,10,Beşiktaş JK,MF,False,90,Starter (Full 90') ⚽ (60') 🌟 MVP,Pass,59.94,8.43,70.21,17.9,True,Completed,10.0,Orkun Kökçü,Pass,Beşiktaş JK,MF,10,True,1
Orkun Kökçü,10,Beşiktaş JK,MF,False,90,Starter (Full 90') ⚽ (60') 🌟 MVP,Pass,90.92,37.08,118.0,35.24,True,Completed,10.0,Orkun Kökçü,Pass,Beşiktaş JK,MF,10,True,1
Orkun Kökçü,10,Beşiktaş JK,MF,False,90,Starter (Full 90') ⚽ (60') 🌟 MVP,Pass,58.53,47.86,84.03,61.66,True,Completed,10.0,Orkun Kökçü,Pass,Beşiktaş JK,MF,10,True,1
Orkun Kökçü,10,Beşiktaş JK,MF,False,90,Starter (Full 90') ⚽ (60') 🌟 MVP,Pass,79.98,46.23,90.57,73.61,True,Completed,10.0,Orkun Kökçü,Pass,Beşiktaş JK,MF,10,True,1
Orkun Kökçü,10,Beşiktaş JK,MF,False,90,Starter (Full 90') ⚽ (60') 🌟 MVP,Pass,87.7,48.72,106.54,53.65,True,Completed,10.0,Orkun Kökçü,Pass,Beşiktaş JK,MF,10,True,1
Orkun Kökçü,10,Beşiktaş JK,MF,False,90,Starter (Full 90') ⚽ (60') 🌟 MVP,Pass,78.66,60.77,101.69,78.0,True,Completed,10.0,Orkun Kökçü,Pass,Beşiktaş JK,MF,10,True,1
Orkun Kökçü,10,Beşiktaş JK,MF,False,90,Starter (Full 90') ⚽ (60') 🌟 MVP,Pass,79.89,46.86,94.16,74.03,True,Completed,10.0,Orkun Kökçü,Pass,Beşiktaş JK,MF,10,True,1
Orkun Kökçü,10,Beşiktaş JK,MF,False,90,Starter (Full 90') ⚽ (60') 🌟 MVP,Pass,82.71,76.0,109.43,78.0,True,Completed,10.0,Orkun Kökçü,Pass,Beşiktaş JK,MF,10,True,1
Orkun Kökçü,10,Beşiktaş JK,MF,False,90,Starter (Full 90') ⚽ (60') 🌟 MVP,Pass,93.5,11.72,106.69,16.89,True,Completed,10.0,Orkun Kökçü,Pass,Beşiktaş JK,MF,10,True,1
Orkun Kökçü,10,Beşiktaş JK,MF,False,90,Starter (Full 90') ⚽ (60') 🌟 MVP,Pass,64.46,4.0,75.1,23.23,True,Completed,10.0,Orkun Kökçü,Pass,Beşiktaş JK,MF,10,True,1
Orkun Kökçü,10,Beşiktaş JK,MF,False,90,Starter (Full 90') ⚽ (60') 🌟 MVP,Pass,66.27,28.88,85.18,27.26,True,Completed,10.0,Orkun Kökçü,Pass,Beşiktaş JK,MF,10,True,1
Orkun Kökçü,10,Beşiktaş JK,MF,False,90,Starter (Full 90') ⚽ (60') 🌟 MVP,Pass,63.55,70.92,78.03,62.38,True,Completed,10.0,Orkun Kökçü,Pass,Beşiktaş JK,MF,10,True,1
Orkun Kökçü,10,Beşiktaş JK,MF,False,90,Starter (Full 90') ⚽ (60') 🌟 MVP,Pass,4.0,30.93,21.56,26.7,True,Completed,10.0,Orkun Kökçü,Pass,Beşiktaş JK,MF,10,True,1
Orkun Kökçü,10,Beşiktaş JK,MF,False,90,Starter (Full 90') ⚽ (60') 🌟 MVP,Pass,77.16,35.73,101.85,45.37,True,Completed,10.0,Orkun Kökçü,Pass,Beşiktaş JK,MF,10,True,1
Orkun Kökçü,10,Beşiktaş JK,MF,False,90,Starter (Full 90') ⚽ (60') 🌟 MVP,Pass,105.93,69.59,118.0,78.0,True,Completed,10.0,Orkun Kökçü,Pass,Beşiktaş JK,MF,10,True,1
Orkun Kökçü,10,Beşiktaş JK,MF,False,90,Starter (Full 90') ⚽ (60') 🌟 MVP,Pass,60.14,22.57,74.65,15.96,False,Incompleted,10.0,Orkun Kökçü,Pass,Beşiktaş JK,MF,10,False,0
Orkun Kökçü,10,Beşiktaş JK,MF,False,90,Starter (Full 90') ⚽ (60') 🌟 MVP,Pass,62.86,46.88,72.11,19.63,True,Completed,10.0,Orkun Kökçü,Pass,Beşiktaş JK,MF,10,True,1
Orkun Kökçü,10,Beşiktaş JK,MF,False,90,Starter (Full 90') ⚽ (60') 🌟 MVP,Pass,85.07,19.36,104.01,37.54,True,Completed,10.0,Orkun Kökçü,Pass,Beşiktaş JK,MF,10,True,1
Orkun Kökçü,10,Beşiktaş JK,MF,False,90,Starter (Full 90') ⚽ (60') 🌟 MVP,Pass,39.92,16.33,69.92,12.89,True,Completed,10.0,Orkun Kökçü,Pass,Beşiktaş JK,MF,10,True,1
Orkun Kökçü,10,Beşiktaş JK,MF,False,90,Starter (Full 90') ⚽ (60') 🌟 MVP,Pass,86.72,76.0,85.34,78.0,True,Completed,10.0,Orkun Kökçü,Pass,Beşiktaş JK,MF,10,True,1
Orkun Kökçü,10,Beşiktaş JK,MF,False,90,Starter (Full 90') ⚽ (60') 🌟 MVP,Pass,48.67,44.54,69.51,59.13,True,Completed,10.0,Orkun Kökçü,Pass,Beşiktaş JK,MF,10,True,1
Orkun Kökçü,10,Beşiktaş JK,MF,False,90,Starter (Full 90') ⚽ (60') 🌟 MVP,Pass,92.54,34.98,118.0,29.58,True,Completed,10.0,Orkun Kökçü,Pass,Beşiktaş JK,MF,10,True,1
Orkun Kökçü,10,Beşiktaş JK,MF,False,90,Starter (Full 90') ⚽ (60') 🌟 MVP,Shot,108.72,35.38,120.0,36.0,True,On Target / Blocked,10.0,Orkun Kökçü,Shot,Beşiktaş JK,MF,10,True,1
Orkun Kökçü,10,Beşiktaş JK,MF,False,90,Starter (Full 90') ⚽ (60') 🌟 MVP,Shot,114.73,38.51,120.0,39.53,True,On Target / Blocked,10.0,Orkun Kökçü,Shot,Beşiktaş JK,MF,10,True,1
Orkun Kökçü,10,Beşiktaş JK,MF,False,90,Starter (Full 90') ⚽ (60') 🌟 MVP,Shot,102.1,44.75,120.0,44.0,True,On Target / Blocked,10.0,Orkun Kökçü,Shot,Beşiktaş JK,MF,10,True,1
Orkun Kökçü,10,Beşiktaş JK,MF,False,90,Starter (Full 90') ⚽ (60') 🌟 MVP,Shot,98.13,23.57,120.0,40.7,True,On Target / Blocked,10.0,Orkun Kökçü,Shot,Beşiktaş JK,MF,10,True,1
Orkun Kökçü,10,Beşiktaş JK,MF,False,90,Starter (Full 90') ⚽ (60') 🌟 MVP,Tackle,74.64,24.72,76.61,23.85,True,Won,10.0,Orkun Kökçü,Tackle,Beşiktaş JK,MF,10,True,1
Orkun Kökçü,10,Beşiktaş JK,MF,False,90,Starter (Full 90') ⚽ (60') 🌟 MVP,Tackle,46.41,64.39,42.9,67.26,True,Won,10.0,Orkun Kökçü,Tackle,Beşiktaş JK,MF,10,True,1
Orkun Kökçü,10,Beşiktaş JK,MF,False,90,Starter (Full 90') ⚽ (60') 🌟 MVP,Chance Created,85.07,36.72,112.37,42.03,True,Key Pass Delivered,10.0,Orkun Kökçü,Chance Created,Beşiktaş JK,MF,10,True,1
Orkun Kökçü,10,Beşiktaş JK,MF,False,90,Starter (Full 90') ⚽ (60') 🌟 MVP,Chance Created,105.78,50.6,115.14,56.0,True,Key Pass Delivered,10.0,Orkun Kökçü,Chance Created,Beşiktaş JK,MF,10,True,1
Orkun Kökçü,10,Beşiktaş JK,MF,False,90,Starter (Full 90') ⚽ (60') 🌟 MVP,Chance Created,90.57,39.63,111.06,40.37,True,Key Pass Delivered,10.0,Orkun Kökçü,Chance Created,Beşiktaş JK,MF,10,True,1
Orkun Kökçü,10,Beşiktaş JK,MF,False,90,Starter (Full 90') ⚽ (60') 🌟 MVP,Chance Created,89.97,68.0,101.73,28.26,True,Key Pass Delivered,10.0,Orkun Kökçü,Chance Created,Beşiktaş JK,MF,10,True,1
Orkun Kökçü,10,Beşiktaş JK,MF,False,90,Starter (Full 90') ⚽ (60') 🌟 MVP,Chance Created,75.0,12.0,101.42,36.61,True,Key Pass Delivered,10.0,Orkun Kökçü,Chance Created,Beşiktaş JK,MF,10,True,1
Orkun Kökçü,10,Beşiktaş JK,MF,False,90,Starter (Full 90') ⚽ (60') 🌟 MVP,Chance Created,106.4,20.01,105.74,41.78,True,Key Pass Delivered,10.0,Orkun Kökçü,Chance Created,Beşiktaş JK,MF,10,True,1
Orkun Kökçü,10,Beşiktaş JK,MF,False,90,Starter (Full 90') ⚽ (60') 🌟 MVP,Chance Created,90.0,14.51,112.94,30.83,True,Key Pass Delivered,10.0,Orkun Kökçü,Chance Created,Beşiktaş JK,MF,10,True,1
Orkun Kökçü,10,Beşiktaş JK,MF,False,90,Starter (Full 90') ⚽ (60') 🌟 MVP,Chance Created,86.53,39.57,102.17,48.68,True,Key Pass Delivered,10.0,Orkun Kökçü,Chance Created,Beşiktaş JK,MF,10,True,1
Orkun Kökçü,10,Beşiktaş JK,MF,False,90,Starter (Full 90') ⚽ (60') 🌟 MVP,Chance Created,93.0,60.25,112.8,35.78,True,Key Pass Delivered,10.0,Orkun Kökçü,Chance Created,Beşiktaş JK,MF,10,True,1
Orkun Kökçü,10,Beşiktaş JK,MF,False,90,Starter (Full 90') ⚽ (60') 🌟 MVP,Chance Created,83.51,53.89,99.22,53.12,True,Key Pass Delivered,10.0,Orkun Kökçü,Chance Created,Beşiktaş JK,MF,10,True,1
Orkun Kökçü,10,Beşiktaş JK,MF,False,90,Starter (Full 90') ⚽ (60') 🌟 MVP,Chance Created,92.82,47.13,105.65,44.58,True,Key Pass Delivered,10.0,Orkun Kökçü,Chance Created,Beşiktaş JK,MF,10,True,1
Orkun Kökçü,10,Beşiktaş JK,MF,False,90,Starter (Full 90') ⚽ (60') 🌟 MVP,Foul Won,93.25,44.68,93.25,44.68,True,Free Kick Awarded,10.0,Orkun Kökçü,Foul Won,Beşiktaş JK,MF,10,True,1
Václav Černý,18,Beşiktaş JK,MF,False,45,Starter (Sub off 46'),Pass,62.32,76.0,56.59,62.8,True,Completed,6.85,Václav Černý,Pass,Beşiktaş JK,MF,18,True,1
Václav Černý,18,Beşiktaş JK,MF,False,45,Starter (Sub off 46'),Pass,75.22,72.21,107.83,71.75,True,Completed,6.85,Václav Černý,Pass,Beşiktaş JK,MF,18,True,1
Václav Černý,18,Beşiktaş JK,MF,False,45,Starter (Sub off 46'),Pass,92.97,64.92,116.14,78.0,True,Completed,6.85,Václav Černý,Pass,Beşiktaş JK,MF,18,True,1
Václav Černý,18,Beşiktaş JK,MF,False,45,Starter (Sub off 46'),Pass,100.34,61.43,118.0,73.18,True,Completed,6.85,Václav Černý,Pass,Beşiktaş JK,MF,18,True,1
Václav Černý,18,Beşiktaş JK,MF,False,45,Starter (Sub off 46'),Pass,81.18,48.26,92.76,51.7,True,Completed,6.85,Václav Černý,Pass,Beşiktaş JK,MF,18,True,1
Václav Černý,18,Beşiktaş JK,MF,False,45,Starter (Sub off 46'),Pass,85.79,66.75,100.62,78.0,True,Completed,6.85,Václav Černý,Pass,Beşiktaş JK,MF,18,True,1
Václav Černý,18,Beşiktaş JK,MF,False,45,Starter (Sub off 46'),Pass,91.69,61.56,118.0,55.97,True,Completed,6.85,Václav Černý,Pass,Beşiktaş JK,MF,18,True,1
Václav Černý,18,Beşiktaş JK,MF,False,45,Starter (Sub off 46'),Pass,82.02,76.0,112.23,73.46,False,Incompleted,6.85,Václav Černý,Pass,Beşiktaş JK,MF,18,False,0
Václav Černý,18,Beşiktaş JK,MF,False,45,Starter (Sub off 46'),Pass,116.0,68.83,118.0,68.16,True,Completed,6.85,Václav Černý,Pass,Beşiktaş JK,MF,18,True,1
Václav Černý,18,Beşiktaş JK,MF,False,45,Starter (Sub off 46'),Pass,100.32,54.82,89.61,78.0,True,Completed,6.85,Václav Černý,Pass,Beşiktaş JK,MF,18,True,1
Václav Černý,18,Beşiktaş JK,MF,False,45,Starter (Sub off 46'),Pass,40.8,60.3,65.35,71.02,False,Incompleted,6.85,Václav Černý,Pass,Beşiktaş JK,MF,18,False,0
Václav Černý,18,Beşiktaş JK,MF,False,45,Starter (Sub off 46'),Pass,66.79,67.67,90.47,78.0,True,Completed,6.85,Václav Černý,Pass,Beşiktaş JK,MF,18,True,1
Václav Černý,18,Beşiktaş JK,MF,False,45,Starter (Sub off 46'),Pass,113.58,76.0,118.0,58.54,True,Completed,6.85,Václav Černý,Pass,Beşiktaş JK,MF,18,True,1
Václav Černý,18,Beşiktaş JK,MF,False,45,Starter (Sub off 46'),Pass,85.73,73.1,99.52,78.0,True,Completed,6.85,Václav Černý,Pass,Beşiktaş JK,MF,18,True,1
Václav Černý,18,Beşiktaş JK,MF,False,45,Starter (Sub off 46'),Pass,87.12,76.0,102.18,55.05,True,Completed,6.85,Václav Černý,Pass,Beşiktaş JK,MF,18,True,1
Václav Černý,18,Beşiktaş JK,MF,False,45,Starter (Sub off 46'),Pass,100.77,76.0,115.91,54.91,True,Completed,6.85,Václav Černý,Pass,Beşiktaş JK,MF,18,True,1
Václav Černý,18,Beşiktaş JK,MF,False,45,Starter (Sub off 46'),Pass,113.65,63.65,118.0,72.28,False,Incompleted,6.85,Václav Černý,Pass,Beşiktaş JK,MF,18,False,0
Václav Černý,18,Beşiktaş JK,MF,False,45,Starter (Sub off 46'),Pass,83.01,58.69,76.24,36.16,True,Completed,6.85,Václav Černý,Pass,Beşiktaş JK,MF,18,True,1
Václav Černý,18,Beşiktaş JK,MF,False,45,Starter (Sub off 46'),Pass,87.07,76.0,96.03,78.0,True,Completed,6.85,Václav Černý,Pass,Beşiktaş JK,MF,18,True,1
Václav Černý,18,Beşiktaş JK,MF,False,45,Starter (Sub off 46'),Pass,90.23,59.88,110.65,78.0,True,Completed,6.85,Václav Černý,Pass,Beşiktaş JK,MF,18,True,1
Václav Černý,18,Beşiktaş JK,MF,False,45,Starter (Sub off 46'),Pass,37.1,68.14,56.52,78.0,True,Completed,6.85,Václav Černý,Pass,Beşiktaş JK,MF,18,True,1
Václav Černý,18,Beşiktaş JK,MF,False,45,Starter (Sub off 46'),Pass,102.63,55.65,118.0,56.9,True,Completed,6.85,Václav Černý,Pass,Beşiktaş JK,MF,18,True,1
Václav Černý,18,Beşiktaş JK,MF,False,45,Starter (Sub off 46'),Pass,57.46,76.0,82.46,78.0,True,Completed,6.85,Václav Černý,Pass,Beşiktaş JK,MF,18,True,1
Václav Černý,18,Beşiktaş JK,MF,False,45,Starter (Sub off 46'),Pass,103.18,69.78,118.0,78.0,True,Completed,6.85,Václav Černý,Pass,Beşiktaş JK,MF,18,True,1
Václav Černý,18,Beşiktaş JK,MF,False,45,Starter (Sub off 46'),Shot,101.87,33.91,120.0,42.16,True,On Target / Blocked,6.85,Václav Černý,Shot,Beşiktaş JK,MF,18,True,1
Václav Černý,18,Beşiktaş JK,MF,False,45,Starter (Sub off 46'),Tackle,31.41,55.17,35.02,58.07,True,Won,6.85,Václav Černý,Tackle,Beşiktaş JK,MF,18,True,1
Václav Černý,18,Beşiktaş JK,MF,False,45,Starter (Sub off 46'),Chance Created,75.0,26.72,107.4,27.94,True,Key Pass Delivered,6.85,Václav Černý,Chance Created,Beşiktaş JK,MF,18,True,1
Leandro Trossard,19,Beşiktaş JK,FW,False,72,Starter (Sub off 73'),Pass,78.87,36.62,86.1,51.83,True,Completed,6.94,Leandro Trossard,Pass,Beşiktaş JK,FW,19,True,1
Leandro Trossard,19,Beşiktaş JK,FW,False,72,Starter (Sub off 73'),Pass,100.43,4.0,117.69,25.74,False,Incompleted,6.94,Leandro Trossard,Pass,Beşiktaş JK,FW,19,False,0
Leandro Trossard,19,Beşiktaş JK,FW,False,72,Starter (Sub off 73'),Pass,89.51,32.0,113.55,36.08,True,Completed,6.94,Leandro Trossard,Pass,Beşiktaş JK,FW,19,True,1
Leandro Trossard,19,Beşiktaş JK,FW,False,72,Starter (Sub off 73'),Pass,75.43,4.0,99.9,2.0,True,Completed,6.94,Leandro Trossard,Pass,Beşiktaş JK,FW,19,True,1
Leandro Trossard,19,Beşiktaş JK,FW,False,72,Starter (Sub off 73'),Pass,73.17,23.79,89.87,11.18,True,Completed,6.94,Leandro Trossard,Pass,Beşiktaş JK,FW,19,True,1
Leandro Trossard,19,Beşiktaş JK,FW,False,72,Starter (Sub off 73'),Pass,53.93,4.0,70.93,9.48,True,Completed,6.94,Leandro Trossard,Pass,Beşiktaş JK,FW,19,True,1
Leandro Trossard,19,Beşiktaş JK,FW,False,72,Starter (Sub off 73'),Pass,81.95,20.58,96.97,32.65,True,Completed,6.94,Leandro Trossard,Pass,Beşiktaş JK,FW,19,True,1
Leandro Trossard,19,Beşiktaş JK,FW,False,72,Starter (Sub off 73'),Pass,98.84,43.73,113.08,66.67,True,Completed,6.94,Leandro Trossard,Pass,Beşiktaş JK,FW,19,True,1
Leandro Trossard,19,Beşiktaş JK,FW,False,72,Starter (Sub off 73'),Pass,99.23,19.58,88.26,48.23,True,Completed,6.94,Leandro Trossard,Pass,Beşiktaş JK,FW,19,True,1
Leandro Trossard,19,Beşiktaş JK,FW,False,72,Starter (Sub off 73'),Pass,65.6,4.0,90.47,7.53,True,Completed,6.94,Leandro Trossard,Pass,Beşiktaş JK,FW,19,True,1
Leandro Trossard,19,Beşiktaş JK,FW,False,72,Starter (Sub off 73'),Pass,81.06,38.79,98.9,42.24,True,Completed,6.94,Leandro Trossard,Pass,Beşiktaş JK,FW,19,True,1
Leandro Trossard,19,Beşiktaş JK,FW,False,72,Starter (Sub off 73'),Pass,87.82,12.49,77.25,35.49,True,Completed,6.94,Leandro Trossard,Pass,Beşiktaş JK,FW,19,True,1
Leandro Trossard,19,Beşiktaş JK,FW,False,72,Starter (Sub off 73'),Pass,53.27,18.31,71.22,22.21,True,Completed,6.94,Leandro Trossard,Pass,Beşiktaş JK,FW,19,True,1
Leandro Trossard,19,Beşiktaş JK,FW,False,72,Starter (Sub off 73'),Pass,68.06,22.62,81.72,30.11,True,Completed,6.94,Leandro Trossard,Pass,Beşiktaş JK,FW,19,True,1
Leandro Trossard,19,Beşiktaş JK,FW,False,72,Starter (Sub off 73'),Pass,95.58,37.28,109.73,27.12,True,Completed,6.94,Leandro Trossard,Pass,Beşiktaş JK,FW,19,True,1
Leandro Trossard,19,Beşiktaş JK,FW,False,72,Starter (Sub off 73'),Pass,82.54,26.26,92.46,51.07,True,Completed,6.94,Leandro Trossard,Pass,Beşiktaş JK,FW,19,True,1
Leandro Trossard,19,Beşiktaş JK,FW,False,72,Starter (Sub off 73'),Pass,73.62,4.0,99.45,22.43,True,Completed,6.94,Leandro Trossard,Pass,Beşiktaş JK,FW,19,True,1
Leandro Trossard,19,Beşiktaş JK,FW,False,72,Starter (Sub off 73'),Pass,89.08,17.07,111.84,18.67,True,Completed,6.94,Leandro Trossard,Pass,Beşiktaş JK,FW,19,True,1
Leandro Trossard,19,Beşiktaş JK,FW,False,72,Starter (Sub off 73'),Pass,83.52,23.52,100.67,26.79,True,Completed,6.94,Leandro Trossard,Pass,Beşiktaş JK,FW,19,True,1
Leandro Trossard,19,Beşiktaş JK,FW,False,72,Starter (Sub off 73'),Pass,70.97,32.74,92.03,23.02,True,Completed,6.94,Leandro Trossard,Pass,Beşiktaş JK,FW,19,True,1
Leandro Trossard,19,Beşiktaş JK,FW,False,72,Starter (Sub off 73'),Pass,92.21,15.81,95.93,29.51,True,Completed,6.94,Leandro Trossard,Pass,Beşiktaş JK,FW,19,True,1
Leandro Trossard,19,Beşiktaş JK,FW,False,72,Starter (Sub off 73'),Pass,90.39,15.2,115.77,14.8,True,Completed,6.94,Leandro Trossard,Pass,Beşiktaş JK,FW,19,True,1
Leandro Trossard,19,Beşiktaş JK,FW,False,72,Starter (Sub off 73'),Pass,74.95,34.54,95.47,56.19,True,Completed,6.94,Leandro Trossard,Pass,Beşiktaş JK,FW,19,True,1
Leandro Trossard,19,Beşiktaş JK,FW,False,72,Starter (Sub off 73'),Pass,78.02,37.48,89.2,28.34,False,Incompleted,6.94,Leandro Trossard,Pass,Beşiktaş JK,FW,19,False,0
Leandro Trossard,19,Beşiktaş JK,FW,False,72,Starter (Sub off 73'),Pass,87.72,4.0,109.71,10.1,True,Completed,6.94,Leandro Trossard,Pass,Beşiktaş JK,FW,19,True,1
Leandro Trossard,19,Beşiktaş JK,FW,False,72,Starter (Sub off 73'),Pass,84.47,39.94,102.93,51.65,True,Completed,6.94,Leandro Trossard,Pass,Beşiktaş JK,FW,19,True,1
Leandro Trossard,19,Beşiktaş JK,FW,False,72,Starter (Sub off 73'),Pass,72.04,26.73,76.23,47.18,False,Incompleted,6.94,Leandro Trossard,Pass,Beşiktaş JK,FW,19,False,0
Leandro Trossard,19,Beşiktaş JK,FW,False,72,Starter (Sub off 73'),Pass,98.45,7.82,112.94,3.78,True,Completed,6.94,Leandro Trossard,Pass,Beşiktaş JK,FW,19,True,1
Leandro Trossard,19,Beşiktaş JK,FW,False,72,Starter (Sub off 73'),Pass,74.9,23.89,94.86,7.31,True,Completed,6.94,Leandro Trossard,Pass,Beşiktaş JK,FW,19,True,1
Leandro Trossard,19,Beşiktaş JK,FW,False,72,Starter (Sub off 73'),Pass,73.53,20.54,86.83,29.97,True,Completed,6.94,Leandro Trossard,Pass,Beşiktaş JK,FW,19,True,1
Leandro Trossard,19,Beşiktaş JK,FW,False,72,Starter (Sub off 73'),Pass,68.14,4.0,91.7,2.0,True,Completed,6.94,Leandro Trossard,Pass,Beşiktaş JK,FW,19,True,1
Leandro Trossard,19,Beşiktaş JK,FW,False,72,Starter (Sub off 73'),Pass,116.0,12.06,118.0,2.0,True,Completed,6.94,Leandro Trossard,Pass,Beşiktaş JK,FW,19,True,1
Leandro Trossard,19,Beşiktaş JK,FW,False,72,Starter (Sub off 73'),Pass,95.55,30.58,115.14,58.69,True,Completed,6.94,Leandro Trossard,Pass,Beşiktaş JK,FW,19,True,1
Leandro Trossard,19,Beşiktaş JK,FW,False,72,Starter (Sub off 73'),Pass,74.99,5.85,81.76,35.02,True,Completed,6.94,Leandro Trossard,Pass,Beşiktaş JK,FW,19,True,1
Leandro Trossard,19,Beşiktaş JK,FW,False,72,Starter (Sub off 73'),Pass,83.31,13.98,99.98,16.31,True,Completed,6.94,Leandro Trossard,Pass,Beşiktaş JK,FW,19,True,1
Leandro Trossard,19,Beşiktaş JK,FW,False,72,Starter (Sub off 73'),Pass,116.0,45.49,118.0,65.57,False,Incompleted,6.94,Leandro Trossard,Pass,Beşiktaş JK,FW,19,False,0
Leandro Trossard,19,Beşiktaş JK,FW,False,72,Starter (Sub off 73'),Pass,63.08,4.0,78.1,14.28,True,Completed,6.94,Leandro Trossard,Pass,Beşiktaş JK,FW,19,True,1
Leandro Trossard,19,Beşiktaş JK,FW,False,72,Starter (Sub off 73'),Pass,75.98,7.61,107.87,9.59,True,Completed,6.94,Leandro Trossard,Pass,Beşiktaş JK,FW,19,True,1
Leandro Trossard,19,Beşiktaş JK,FW,False,72,Starter (Sub off 73'),Pass,64.11,5.01,93.84,18.17,True,Completed,6.94,Leandro Trossard,Pass,Beşiktaş JK,FW,19,True,1
Leandro Trossard,19,Beşiktaş JK,FW,False,72,Starter (Sub off 73'),Pass,81.63,7.21,96.69,2.0,True,Completed,6.94,Leandro Trossard,Pass,Beşiktaş JK,FW,19,True,1
Leandro Trossard,19,Beşiktaş JK,FW,False,72,Starter (Sub off 73'),Pass,100.6,27.85,109.4,36.17,True,Completed,6.94,Leandro Trossard,Pass,Beşiktaş JK,FW,19,True,1
Leandro Trossard,19,Beşiktaş JK,FW,False,72,Starter (Sub off 73'),Pass,89.42,44.51,112.96,67.87,True,Completed,6.94,Leandro Trossard,Pass,Beşiktaş JK,FW,19,True,1
Leandro Trossard,19,Beşiktaş JK,FW,False,72,Starter (Sub off 73'),Pass,67.6,20.41,94.52,34.81,True,Completed,6.94,Leandro Trossard,Pass,Beşiktaş JK,FW,19,True,1
Leandro Trossard,19,Beşiktaş JK,FW,False,72,Starter (Sub off 73'),Pass,75.51,39.1,110.02,34.4,True,Completed,6.94,Leandro Trossard,Pass,Beşiktaş JK,FW,19,True,1
Leandro Trossard,19,Beşiktaş JK,FW,False,72,Starter (Sub off 73'),Pass,101.33,17.34,114.18,37.5,True,Completed,6.94,Leandro Trossard,Pass,Beşiktaş JK,FW,19,True,1
Leandro Trossard,19,Beşiktaş JK,FW,False,72,Starter (Sub off 73'),Pass,76.4,15.33,101.49,8.48,True,Completed,6.94,Leandro Trossard,Pass,Beşiktaş JK,FW,19,True,1
Leandro Trossard,19,Beşiktaş JK,FW,False,72,Starter (Sub off 73'),Pass,73.45,20.02,103.7,22.32,True,Completed,6.94,Leandro Trossard,Pass,Beşiktaş JK,FW,19,True,1
Leandro Trossard,19,Beşiktaş JK,FW,False,72,Starter (Sub off 73'),Pass,90.64,4.0,103.23,2.0,True,Completed,6.94,Leandro Trossard,Pass,Beşiktaş JK,FW,19,True,1
Leandro Trossard,19,Beşiktaş JK,FW,False,72,Starter (Sub off 73'),Pass,64.01,38.75,64.92,62.99,True,Completed,6.94,Leandro Trossard,Pass,Beşiktaş JK,FW,19,True,1
Leandro Trossard,19,Beşiktaş JK,FW,False,72,Starter (Sub off 73'),Pass,105.44,46.13,118.0,49.32,True,Completed,6.94,Leandro Trossard,Pass,Beşiktaş JK,FW,19,True,1
Leandro Trossard,19,Beşiktaş JK,FW,False,72,Starter (Sub off 73'),Pass,74.84,41.73,94.58,40.93,True,Completed,6.94,Leandro Trossard,Pass,Beşiktaş JK,FW,19,True,1
Leandro Trossard,19,Beşiktaş JK,FW,False,72,Starter (Sub off 73'),Shot,112.32,53.97,120.0,40.32,True,On Target / Blocked,6.94,Leandro Trossard,Shot,Beşiktaş JK,FW,19,True,1
Leandro Trossard,19,Beşiktaş JK,FW,False,72,Starter (Sub off 73'),Chance Created,93.28,47.05,98.04,42.41,True,Key Pass Delivered,6.94,Leandro Trossard,Chance Created,Beşiktaş JK,FW,19,True,1
Leandro Trossard,19,Beşiktaş JK,FW,False,72,Starter (Sub off 73'),Foul Won,66.37,23.36,66.37,23.36,True,Free Kick Awarded,6.94,Leandro Trossard,Foul Won,Beşiktaş JK,FW,19,True,1
Leandro Trossard,19,Beşiktaş JK,FW,False,72,Starter (Sub off 73'),Foul Won,93.15,25.14,93.15,25.14,True,Free Kick Awarded,6.94,Leandro Trossard,Foul Won,Beşiktaş JK,FW,19,True,1
Leandro Trossard,19,Beşiktaş JK,FW,False,72,Starter (Sub off 73'),Foul Won,79.31,23.36,79.31,23.36,True,Free Kick Awarded,6.94,Leandro Trossard,Foul Won,Beşiktaş JK,FW,19,True,1
Hyeon-gyu Oh,9,Beşiktaş JK,FW,False,60,Starter (Sub off 61') ⚽ (6'),Pass,85.11,31.61,109.87,51.24,True,Completed,8.42,Hyeon-gyu Oh,Pass,Beşiktaş JK,FW,9,True,1
Hyeon-gyu Oh,9,Beşiktaş JK,FW,False,60,Starter (Sub off 61') ⚽ (6'),Pass,99.88,57.24,117.26,66.07,True,Completed,8.42,Hyeon-gyu Oh,Pass,Beşiktaş JK,FW,9,True,1
Hyeon-gyu Oh,9,Beşiktaş JK,FW,False,60,Starter (Sub off 61') ⚽ (6'),Pass,115.04,45.02,118.0,46.72,True,Completed,8.42,Hyeon-gyu Oh,Pass,Beşiktaş JK,FW,9,True,1
Hyeon-gyu Oh,9,Beşiktaş JK,FW,False,60,Starter (Sub off 61') ⚽ (6'),Pass,109.66,29.41,118.0,15.78,True,Completed,8.42,Hyeon-gyu Oh,Pass,Beşiktaş JK,FW,9,True,1
Hyeon-gyu Oh,9,Beşiktaş JK,FW,False,60,Starter (Sub off 61') ⚽ (6'),Pass,74.54,12.9,92.19,11.4,True,Completed,8.42,Hyeon-gyu Oh,Pass,Beşiktaş JK,FW,9,True,1
Hyeon-gyu Oh,9,Beşiktaş JK,FW,False,60,Starter (Sub off 61') ⚽ (6'),Pass,102.26,57.6,118.0,47.62,True,Completed,8.42,Hyeon-gyu Oh,Pass,Beşiktaş JK,FW,9,True,1
Hyeon-gyu Oh,9,Beşiktaş JK,FW,False,60,Starter (Sub off 61') ⚽ (6'),Pass,90.33,32.76,105.45,9.1,False,Incompleted,8.42,Hyeon-gyu Oh,Pass,Beşiktaş JK,FW,9,False,0
Hyeon-gyu Oh,9,Beşiktaş JK,FW,False,60,Starter (Sub off 61') ⚽ (6'),Pass,75.31,31.94,108.52,38.96,True,Completed,8.42,Hyeon-gyu Oh,Pass,Beşiktaş JK,FW,9,True,1
Hyeon-gyu Oh,9,Beşiktaş JK,FW,False,60,Starter (Sub off 61') ⚽ (6'),Pass,82.46,7.75,85.32,22.01,True,Completed,8.42,Hyeon-gyu Oh,Pass,Beşiktaş JK,FW,9,True,1
Hyeon-gyu Oh,9,Beşiktaş JK,FW,False,60,Starter (Sub off 61') ⚽ (6'),Pass,86.34,45.93,95.92,55.77,True,Completed,8.42,Hyeon-gyu Oh,Pass,Beşiktaş JK,FW,9,True,1
Hyeon-gyu Oh,9,Beşiktaş JK,FW,False,60,Starter (Sub off 61') ⚽ (6'),Pass,94.07,21.92,118.0,15.8,True,Completed,8.42,Hyeon-gyu Oh,Pass,Beşiktaş JK,FW,9,True,1
Hyeon-gyu Oh,9,Beşiktaş JK,FW,False,60,Starter (Sub off 61') ⚽ (6'),Shot,105.87,31.65,120.0,40.76,True,On Target / Blocked,8.42,Hyeon-gyu Oh,Shot,Beşiktaş JK,FW,9,True,1
Hyeon-gyu Oh,9,Beşiktaş JK,FW,False,60,Starter (Sub off 61') ⚽ (6'),Shot,107.6,41.05,120.0,36.32,True,On Target / Blocked,8.42,Hyeon-gyu Oh,Shot,Beşiktaş JK,FW,9,True,1
Hyeon-gyu Oh,9,Beşiktaş JK,FW,False,60,Starter (Sub off 61') ⚽ (6'),Shot,105.47,39.41,120.0,36.95,True,On Target / Blocked,8.42,Hyeon-gyu Oh,Shot,Beşiktaş JK,FW,9,True,1
Hyeon-gyu Oh,9,Beşiktaş JK,FW,False,60,Starter (Sub off 61') ⚽ (6'),Shot,102.82,26.11,120.0,43.65,True,On Target / Blocked,8.42,Hyeon-gyu Oh,Shot,Beşiktaş JK,FW,9,True,1
Hyeon-gyu Oh,9,Beşiktaş JK,FW,False,60,Starter (Sub off 61') ⚽ (6'),Foul Won,107.57,37.48,107.57,37.48,True,Free Kick Awarded,8.42,Hyeon-gyu Oh,Foul Won,Beşiktaş JK,FW,9,True,1
Hyeon-gyu Oh,9,Beşiktaş JK,FW,False,60,Starter (Sub off 61') ⚽ (6'),Foul Won,99.76,39.03,99.76,39.03,True,Free Kick Awarded,8.42,Hyeon-gyu Oh,Foul Won,Beşiktaş JK,FW,9,True,1
Hyeon-gyu Oh,9,Beşiktaş JK,FW,False,60,Starter (Sub off 61') ⚽ (6'),Foul Won,104.42,27.51,104.42,27.51,True,Free Kick Awarded,8.42,Hyeon-gyu Oh,Foul Won,Beşiktaş JK,FW,9,True,1
İlhan Fakılı,29,Beşiktaş JK,MF,True,45,Sub (46' in),Pass,74.91,56.29,95.21,53.9,True,Completed,6.7,İlhan Fakılı,Pass,Beşiktaş JK,MF,29,True,1
İlhan Fakılı,29,Beşiktaş JK,MF,True,45,Sub (46' in),Pass,79.84,54.23,109.12,70.42,False,Incompleted,6.7,İlhan Fakılı,Pass,Beşiktaş JK,MF,29,False,0
İlhan Fakılı,29,Beşiktaş JK,MF,True,45,Sub (46' in),Pass,107.25,57.26,118.0,55.24,True,Completed,6.7,İlhan Fakılı,Pass,Beşiktaş JK,MF,29,True,1
İlhan Fakılı,29,Beşiktaş JK,MF,True,45,Sub (46' in),Pass,58.35,76.0,83.19,69.79,True,Completed,6.7,İlhan Fakılı,Pass,Beşiktaş JK,MF,29,True,1
İlhan Fakılı,29,Beşiktaş JK,MF,True,45,Sub (46' in),Pass,55.01,52.0,67.54,67.04,False,Incompleted,6.7,İlhan Fakılı,Pass,Beşiktaş JK,MF,29,False,0
İlhan Fakılı,29,Beşiktaş JK,MF,True,45,Sub (46' in),Pass,71.22,64.39,91.77,57.75,True,Completed,6.7,İlhan Fakılı,Pass,Beşiktaş JK,MF,29,True,1
İlhan Fakılı,29,Beşiktaş JK,MF,True,45,Sub (46' in),Pass,79.26,76.0,94.31,74.23,True,Completed,6.7,İlhan Fakılı,Pass,Beşiktaş JK,MF,29,True,1
İlhan Fakılı,29,Beşiktaş JK,MF,True,45,Sub (46' in),Pass,71.29,66.83,90.46,74.18,True,Completed,6.7,İlhan Fakılı,Pass,Beşiktaş JK,MF,29,True,1
İlhan Fakılı,29,Beşiktaş JK,MF,True,45,Sub (46' in),Pass,62.36,76.0,78.61,78.0,True,Completed,6.7,İlhan Fakılı,Pass,Beşiktaş JK,MF,29,True,1
İlhan Fakılı,29,Beşiktaş JK,MF,True,45,Sub (46' in),Pass,81.52,68.81,107.11,70.79,False,Incompleted,6.7,İlhan Fakılı,Pass,Beşiktaş JK,MF,29,False,0
İlhan Fakılı,29,Beşiktaş JK,MF,True,45,Sub (46' in),Pass,76.15,70.59,93.76,58.99,True,Completed,6.7,İlhan Fakılı,Pass,Beşiktaş JK,MF,29,True,1
İlhan Fakılı,29,Beşiktaş JK,MF,True,45,Sub (46' in),Pass,80.16,63.84,97.39,46.31,True,Completed,6.7,İlhan Fakılı,Pass,Beşiktaş JK,MF,29,True,1
İlhan Fakılı,29,Beşiktaş JK,MF,True,45,Sub (46' in),Pass,84.62,51.89,97.44,71.36,True,Completed,6.7,İlhan Fakılı,Pass,Beşiktaş JK,MF,29,True,1
İlhan Fakılı,29,Beşiktaş JK,MF,True,45,Sub (46' in),Pass,35.08,70.09,46.88,39.89,True,Completed,6.7,İlhan Fakılı,Pass,Beşiktaş JK,MF,29,True,1
İlhan Fakılı,29,Beşiktaş JK,MF,True,45,Sub (46' in),Pass,57.05,46.9,79.61,70.88,True,Completed,6.7,İlhan Fakılı,Pass,Beşiktaş JK,MF,29,True,1
İlhan Fakılı,29,Beşiktaş JK,MF,True,45,Sub (46' in),Pass,63.4,66.97,75.47,78.0,True,Completed,6.7,İlhan Fakılı,Pass,Beşiktaş JK,MF,29,True,1
İlhan Fakılı,29,Beşiktaş JK,MF,True,45,Sub (46' in),Pass,93.48,64.14,110.21,48.44,True,Completed,6.7,İlhan Fakılı,Pass,Beşiktaş JK,MF,29,True,1
İlhan Fakılı,29,Beşiktaş JK,MF,True,45,Sub (46' in),Pass,61.67,68.67,85.02,65.6,True,Completed,6.7,İlhan Fakılı,Pass,Beşiktaş JK,MF,29,True,1
İlhan Fakılı,29,Beşiktaş JK,MF,True,45,Sub (46' in),Pass,47.49,68.33,80.77,69.19,True,Completed,6.7,İlhan Fakılı,Pass,Beşiktaş JK,MF,29,True,1
İlhan Fakılı,29,Beşiktaş JK,MF,True,45,Sub (46' in),Pass,82.38,44.54,96.63,53.35,True,Completed,6.7,İlhan Fakılı,Pass,Beşiktaş JK,MF,29,True,1
İlhan Fakılı,29,Beşiktaş JK,MF,True,45,Sub (46' in),Pass,68.48,76.0,99.86,77.78,True,Completed,6.7,İlhan Fakılı,Pass,Beşiktaş JK,MF,29,True,1
İlhan Fakılı,29,Beşiktaş JK,MF,True,45,Sub (46' in),Pass,62.75,55.36,75.96,65.83,True,Completed,6.7,İlhan Fakılı,Pass,Beşiktaş JK,MF,29,True,1
İlhan Fakılı,29,Beşiktaş JK,MF,True,45,Sub (46' in),Pass,88.96,56.21,115.24,52.32,False,Incompleted,6.7,İlhan Fakılı,Pass,Beşiktaş JK,MF,29,False,0
İlhan Fakılı,29,Beşiktaş JK,MF,True,45,Sub (46' in),Pass,64.2,76.0,72.5,78.0,True,Completed,6.7,İlhan Fakılı,Pass,Beşiktaş JK,MF,29,True,1
İlhan Fakılı,29,Beşiktaş JK,MF,True,45,Sub (46' in),Pass,61.14,44.25,81.4,59.77,True,Completed,6.7,İlhan Fakılı,Pass,Beşiktaş JK,MF,29,True,1
İlhan Fakılı,29,Beşiktaş JK,MF,True,45,Sub (46' in),Pass,62.17,61.57,86.57,46.57,True,Completed,6.7,İlhan Fakılı,Pass,Beşiktaş JK,MF,29,True,1
İlhan Fakılı,29,Beşiktaş JK,MF,True,45,Sub (46' in),Pass,99.08,56.25,112.81,56.61,True,Completed,6.7,İlhan Fakılı,Pass,Beşiktaş JK,MF,29,True,1
İlhan Fakılı,29,Beşiktaş JK,MF,True,45,Sub (46' in),Pass,96.28,49.35,118.0,38.44,True,Completed,6.7,İlhan Fakılı,Pass,Beşiktaş JK,MF,29,True,1
İlhan Fakılı,29,Beşiktaş JK,MF,True,45,Sub (46' in),Shot,110.3,51.9,120.0,38.43,True,On Target / Blocked,6.7,İlhan Fakılı,Shot,Beşiktaş JK,MF,29,True,1
İlhan Fakılı,29,Beşiktaş JK,MF,True,45,Sub (46' in),Tackle,87.39,75.0,89.32,74.65,True,Won,6.7,İlhan Fakılı,Tackle,Beşiktaş JK,MF,29,True,1
İlhan Fakılı,29,Beşiktaş JK,MF,True,45,Sub (46' in),Interception,88.06,67.02,99.32,70.33,True,Intercepted,6.7,İlhan Fakılı,Interception,Beşiktaş JK,MF,29,True,1
İlhan Fakılı,29,Beşiktaş JK,MF,True,45,Sub (46' in),Chance Created,75.0,23.65,107.41,42.44,True,Key Pass Delivered,6.7,İlhan Fakılı,Chance Created,Beşiktaş JK,MF,29,True,1
İlhan Fakılı,29,Beşiktaş JK,MF,True,45,Sub (46' in),Foul Won,59.24,53.57,59.24,53.57,True,Free Kick Awarded,6.7,İlhan Fakılı,Foul Won,Beşiktaş JK,MF,29,True,1
Amir Hadžiahmetović,5,Beşiktaş JK,MF,True,30,Sub (61' in),Pass,65.86,57.47,87.96,78.0,True,Completed,6.8,Amir Hadžiahmetović,Pass,Beşiktaş JK,MF,5,True,1
Amir Hadžiahmetović,5,Beşiktaş JK,MF,True,30,Sub (61' in),Pass,75.85,42.47,100.79,29.96,True,Completed,6.8,Amir Hadžiahmetović,Pass,Beşiktaş JK,MF,5,True,1
Amir Hadžiahmetović,5,Beşiktaş JK,MF,True,30,Sub (61' in),Pass,61.64,46.86,79.59,49.19,True,Completed,6.8,Amir Hadžiahmetović,Pass,Beşiktaş JK,MF,5,True,1
Amir Hadžiahmetović,5,Beşiktaş JK,MF,True,30,Sub (61' in),Pass,78.33,25.3,85.12,44.91,True,Completed,6.8,Amir Hadžiahmetović,Pass,Beşiktaş JK,MF,5,True,1
Amir Hadžiahmetović,5,Beşiktaş JK,MF,True,30,Sub (61' in),Pass,67.42,36.68,81.28,33.9,True,Completed,6.8,Amir Hadžiahmetović,Pass,Beşiktaş JK,MF,5,True,1
Amir Hadžiahmetović,5,Beşiktaş JK,MF,True,30,Sub (61' in),Pass,76.86,51.35,91.12,59.2,True,Completed,6.8,Amir Hadžiahmetović,Pass,Beşiktaş JK,MF,5,True,1
Amir Hadžiahmetović,5,Beşiktaş JK,MF,True,30,Sub (61' in),Pass,63.98,76.0,54.3,78.0,True,Completed,6.8,Amir Hadžiahmetović,Pass,Beşiktaş JK,MF,5,True,1
Amir Hadžiahmetović,5,Beşiktaş JK,MF,True,30,Sub (61' in),Pass,81.11,42.45,112.34,39.89,False,Incompleted,6.8,Amir Hadžiahmetović,Pass,Beşiktaş JK,MF,5,False,0
Amir Hadžiahmetović,5,Beşiktaş JK,MF,True,30,Sub (61' in),Pass,47.04,31.49,64.57,42.19,True,Completed,6.8,Amir Hadžiahmetović,Pass,Beşiktaş JK,MF,5,True,1
Amir Hadžiahmetović,5,Beşiktaş JK,MF,True,30,Sub (61' in),Pass,68.73,43.95,84.69,45.17,True,Completed,6.8,Amir Hadžiahmetović,Pass,Beşiktaş JK,MF,5,True,1
Amir Hadžiahmetović,5,Beşiktaş JK,MF,True,30,Sub (61' in),Pass,93.23,47.72,118.0,41.92,True,Completed,6.8,Amir Hadžiahmetović,Pass,Beşiktaş JK,MF,5,True,1
Amir Hadžiahmetović,5,Beşiktaş JK,MF,True,30,Sub (61' in),Pass,64.21,21.0,91.1,21.89,False,Incompleted,6.8,Amir Hadžiahmetović,Pass,Beşiktaş JK,MF,5,False,0
Amir Hadžiahmetović,5,Beşiktaş JK,MF,True,30,Sub (61' in),Pass,89.37,40.99,101.28,46.32,True,Completed,6.8,Amir Hadžiahmetović,Pass,Beşiktaş JK,MF,5,True,1
Amir Hadžiahmetović,5,Beşiktaş JK,MF,True,30,Sub (61' in),Pass,91.81,4.56,110.77,2.0,True,Completed,6.8,Amir Hadžiahmetović,Pass,Beşiktaş JK,MF,5,True,1
Amir Hadžiahmetović,5,Beşiktaş JK,MF,True,30,Sub (61' in),Pass,81.01,13.94,99.39,27.63,True,Completed,6.8,Amir Hadžiahmetović,Pass,Beşiktaş JK,MF,5,True,1
Amir Hadžiahmetović,5,Beşiktaş JK,MF,True,30,Sub (61' in),Pass,38.61,48.07,53.59,43.47,True,Completed,6.8,Amir Hadžiahmetović,Pass,Beşiktaş JK,MF,5,True,1
Amir Hadžiahmetović,5,Beşiktaş JK,MF,True,30,Sub (61' in),Pass,82.85,55.06,101.5,53.86,True,Completed,6.8,Amir Hadžiahmetović,Pass,Beşiktaş JK,MF,5,True,1
Amir Hadžiahmetović,5,Beşiktaş JK,MF,True,30,Sub (61' in),Pass,56.7,57.84,88.41,64.25,True,Completed,6.8,Amir Hadžiahmetović,Pass,Beşiktaş JK,MF,5,True,1
Amir Hadžiahmetović,5,Beşiktaş JK,MF,True,30,Sub (61' in),Pass,31.49,44.09,53.64,36.28,True,Completed,6.8,Amir Hadžiahmetović,Pass,Beşiktaş JK,MF,5,True,1
Amir Hadžiahmetović,5,Beşiktaş JK,MF,True,30,Sub (61' in),Pass,59.27,8.25,73.98,2.0,True,Completed,6.8,Amir Hadžiahmetović,Pass,Beşiktaş JK,MF,5,True,1
Amir Hadžiahmetović,5,Beşiktaş JK,MF,True,30,Sub (61' in),Pass,58.76,63.35,72.85,78.0,True,Completed,6.8,Amir Hadžiahmetović,Pass,Beşiktaş JK,MF,5,True,1
Amir Hadžiahmetović,5,Beşiktaş JK,MF,True,30,Sub (61' in),Pass,40.24,50.39,70.99,61.51,False,Incompleted,6.8,Amir Hadžiahmetović,Pass,Beşiktaş JK,MF,5,False,0
Amir Hadžiahmetović,5,Beşiktaş JK,MF,True,30,Sub (61' in),Pass,56.07,52.09,77.89,71.7,False,Incompleted,6.8,Amir Hadžiahmetović,Pass,Beşiktaş JK,MF,5,False,0
Amir Hadžiahmetović,5,Beşiktaş JK,MF,True,30,Sub (61' in),Pass,63.5,36.03,74.85,57.59,True,Completed,6.8,Amir Hadžiahmetović,Pass,Beşiktaş JK,MF,5,True,1
Amir Hadžiahmetović,5,Beşiktaş JK,MF,True,30,Sub (61' in),Pass,52.86,19.42,71.61,34.29,False,Incompleted,6.8,Amir Hadžiahmetović,Pass,Beşiktaş JK,MF,5,False,0
Amir Hadžiahmetović,5,Beşiktaş JK,MF,True,30,Sub (61' in),Pass,62.15,42.71,92.5,57.28,True,Completed,6.8,Amir Hadžiahmetović,Pass,Beşiktaş JK,MF,5,True,1
Amir Hadžiahmetović,5,Beşiktaş JK,MF,True,30,Sub (61' in),Pass,90.81,41.81,106.41,47.68,True,Completed,6.8,Amir Hadžiahmetović,Pass,Beşiktaş JK,MF,5,True,1
Amir Hadžiahmetović,5,Beşiktaş JK,MF,True,30,Sub (61' in),Pass,58.5,53.54,65.28,28.02,True,Completed,6.8,Amir Hadžiahmetović,Pass,Beşiktaş JK,MF,5,True,1
Amir Hadžiahmetović,5,Beşiktaş JK,MF,True,30,Sub (61' in),Pass,78.52,45.67,98.74,38.19,False,Incompleted,6.8,Amir Hadžiahmetović,Pass,Beşiktaş JK,MF,5,False,0
Amir Hadžiahmetović,5,Beşiktaş JK,MF,True,30,Sub (61' in),Pass,36.26,14.18,57.22,15.95,True,Completed,6.8,Amir Hadžiahmetović,Pass,Beşiktaş JK,MF,5,True,1
Amir Hadžiahmetović,5,Beşiktaş JK,MF,True,30,Sub (61' in),Pass,62.43,17.97,64.88,45.57,True,Completed,6.8,Amir Hadžiahmetović,Pass,Beşiktaş JK,MF,5,True,1
Amir Hadžiahmetović,5,Beşiktaş JK,MF,True,30,Sub (61' in),Pass,70.16,55.86,91.41,58.89,True,Completed,6.8,Amir Hadžiahmetović,Pass,Beşiktaş JK,MF,5,True,1
Amir Hadžiahmetović,5,Beşiktaş JK,MF,True,30,Sub (61' in),Tackle,42.65,21.39,40.96,25.15,True,Won,6.8,Amir Hadžiahmetović,Tackle,Beşiktaş JK,MF,5,True,1
Amir Hadžiahmetović,5,Beşiktaş JK,MF,True,30,Sub (61' in),Interception,58.44,44.3,68.9,45.53,True,Intercepted,6.8,Amir Hadžiahmetović,Interception,Beşiktaş JK,MF,5,True,1
Amir Hadžiahmetović,5,Beşiktaş JK,MF,True,30,Sub (61' in),Chance Created,102.64,49.17,101.88,37.79,True,Key Pass Delivered,6.8,Amir Hadžiahmetović,Chance Created,Beşiktaş JK,MF,5,True,1
Dušan Vlahović,24,Beşiktaş JK,FW,True,30,Sub (61' in),Pass,113.72,25.76,118.0,11.13,False,Incompleted,6.9,Dušan Vlahović,Pass,Beşiktaş JK,FW,24,False,0
Dušan Vlahović,24,Beşiktaş JK,FW,True,30,Sub (61' in),Pass,85.39,37.59,103.15,38.52,True,Completed,6.9,Dušan Vlahović,Pass,Beşiktaş JK,FW,24,True,1
Dušan Vlahović,24,Beşiktaş JK,FW,True,30,Sub (61' in),Pass,98.68,70.74,118.0,69.12,True,Completed,6.9,Dušan Vlahović,Pass,Beşiktaş JK,FW,24,True,1
Dušan Vlahović,24,Beşiktaş JK,FW,True,30,Sub (61' in),Pass,94.5,58.78,118.0,37.92,True,Completed,6.9,Dušan Vlahović,Pass,Beşiktaş JK,FW,24,True,1
Dušan Vlahović,24,Beşiktaş JK,FW,True,30,Sub (61' in),Pass,78.75,47.9,83.83,29.31,True,Completed,6.9,Dušan Vlahović,Pass,Beşiktaş JK,FW,24,True,1
Dušan Vlahović,24,Beşiktaş JK,FW,True,30,Sub (61' in),Pass,106.85,39.36,118.0,51.77,True,Completed,6.9,Dušan Vlahović,Pass,Beşiktaş JK,FW,24,True,1
Dušan Vlahović,24,Beşiktaş JK,FW,True,30,Sub (61' in),Pass,94.97,28.48,105.74,11.47,True,Completed,6.9,Dušan Vlahović,Pass,Beşiktaş JK,FW,24,True,1
Dušan Vlahović,24,Beşiktaş JK,FW,True,30,Sub (61' in),Pass,107.9,50.61,118.0,57.87,True,Completed,6.9,Dušan Vlahović,Pass,Beşiktaş JK,FW,24,True,1
Dušan Vlahović,24,Beşiktaş JK,FW,True,30,Sub (61' in),Shot,108.1,46.89,120.0,40.92,True,On Target / Blocked,6.9,Dušan Vlahović,Shot,Beşiktaş JK,FW,24,True,1
Dušan Vlahović,24,Beşiktaş JK,FW,True,30,Sub (61' in),Shot,106.59,50.53,120.0,44.0,True,On Target / Blocked,6.9,Dušan Vlahović,Shot,Beşiktaş JK,FW,24,True,1
Dušan Vlahović,24,Beşiktaş JK,FW,True,30,Sub (61' in),Chance Created,83.05,58.53,99.66,46.22,True,Key Pass Delivered,6.9,Dušan Vlahović,Chance Created,Beşiktaş JK,FW,24,True,1
Dušan Vlahović,24,Beşiktaş JK,FW,True,30,Sub (61' in),Foul Won,110.0,57.82,110.0,57.82,True,Free Kick Awarded,6.9,Dušan Vlahović,Foul Won,Beşiktaş JK,FW,24,True,1
Milot Rashica,7,Beşiktaş JK,FW,True,18,Sub (73' in),Pass,107.05,18.18,111.52,36.67,False,Incompleted,6.6,Milot Rashica,Pass,Beşiktaş JK,FW,7,False,0
Milot Rashica,7,Beşiktaş JK,FW,True,18,Sub (73' in),Pass,66.17,12.54,87.86,2.0,True,Completed,6.6,Milot Rashica,Pass,Beşiktaş JK,FW,7,True,1
Milot Rashica,7,Beşiktaş JK,FW,True,18,Sub (73' in),Pass,114.99,4.0,118.0,2.0,True,Completed,6.6,Milot Rashica,Pass,Beşiktaş JK,FW,7,True,1
Milot Rashica,7,Beşiktaş JK,FW,True,18,Sub (73' in),Pass,77.05,23.64,80.93,48.88,True,Completed,6.6,Milot Rashica,Pass,Beşiktaş JK,FW,7,True,1
Milot Rashica,7,Beşiktaş JK,FW,True,18,Sub (73' in),Pass,90.54,22.35,101.91,40.49,True,Completed,6.6,Milot Rashica,Pass,Beşiktaş JK,FW,7,True,1
Milot Rashica,7,Beşiktaş JK,FW,True,18,Sub (73' in),Pass,113.41,19.12,118.0,13.31,True,Completed,6.6,Milot Rashica,Pass,Beşiktaş JK,FW,7,True,1
Milot Rashica,7,Beşiktaş JK,FW,True,18,Sub (73' in),Pass,79.0,31.38,97.71,23.17,True,Completed,6.6,Milot Rashica,Pass,Beşiktaş JK,FW,7,True,1
Milot Rashica,7,Beşiktaş JK,FW,True,18,Sub (73' in),Pass,100.15,20.78,113.49,16.68,True,Completed,6.6,Milot Rashica,Pass,Beşiktaş JK,FW,7,True,1
Milot Rashica,7,Beşiktaş JK,FW,True,18,Sub (73' in),Pass,94.51,15.09,99.79,2.0,True,Completed,6.6,Milot Rashica,Pass,Beşiktaş JK,FW,7,True,1
Milot Rashica,7,Beşiktaş JK,FW,True,18,Sub (73' in),Pass,97.26,19.37,108.06,12.48,True,Completed,6.6,Milot Rashica,Pass,Beşiktaş JK,FW,7,True,1
Milot Rashica,7,Beşiktaş JK,FW,True,18,Sub (73' in),Pass,96.96,37.18,113.44,14.15,False,Incompleted,6.6,Milot Rashica,Pass,Beşiktaş JK,FW,7,False,0
Milot Rashica,7,Beşiktaş JK,FW,True,18,Sub (73' in),Pass,80.59,13.09,95.73,18.62,True,Completed,6.6,Milot Rashica,Pass,Beşiktaş JK,FW,7,True,1
Milot Rashica,7,Beşiktaş JK,FW,True,18,Sub (73' in),Pass,81.97,33.01,107.55,31.39,True,Completed,6.6,Milot Rashica,Pass,Beşiktaş JK,FW,7,True,1
Milot Rashica,7,Beşiktaş JK,FW,True,18,Sub (73' in),Pass,75.57,44.82,99.94,40.8,True,Completed,6.6,Milot Rashica,Pass,Beşiktaş JK,FW,7,True,1
Milot Rashica,7,Beşiktaş JK,FW,True,18,Sub (73' in),Shot,108.1,22.0,120.0,38.14,True,On Target / Blocked,6.6,Milot Rashica,Shot,Beşiktaş JK,FW,7,True,1
Milot Rashica,7,Beşiktaş JK,FW,True,18,Sub (73' in),Chance Created,75.0,43.63,116.2,47.2,True,Key Pass Delivered,6.6,Milot Rashica,Chance Created,Beşiktaş JK,FW,7,True,1
Kassoum Ouattara,11,Beşiktaş JK,DF,True,9,Sub (82' in),Pass,94.26,10.75,118.0,2.0,True,Completed,6.4,Kassoum Ouattara,Pass,Beşiktaş JK,DF,11,True,1
Kassoum Ouattara,11,Beşiktaş JK,DF,True,9,Sub (82' in),Pass,56.69,16.94,75.52,13.45,True,Completed,6.4,Kassoum Ouattara,Pass,Beşiktaş JK,DF,11,True,1
Kassoum Ouattara,11,Beşiktaş JK,DF,True,9,Sub (82' in),Pass,72.7,21.16,96.83,2.0,True,Completed,6.4,Kassoum Ouattara,Pass,Beşiktaş JK,DF,11,True,1
Kassoum Ouattara,11,Beşiktaş JK,DF,True,9,Sub (82' in),Pass,45.93,19.74,63.83,11.84,True,Completed,6.4,Kassoum Ouattara,Pass,Beşiktaş JK,DF,11,True,1
Kassoum Ouattara,11,Beşiktaş JK,DF,True,9,Sub (82' in),Pass,65.21,16.75,82.7,2.0,True,Completed,6.4,Kassoum Ouattara,Pass,Beşiktaş JK,DF,11,True,1
Kassoum Ouattara,11,Beşiktaş JK,DF,True,9,Sub (82' in),Pass,84.93,27.76,117.83,24.48,True,Completed,6.4,Kassoum Ouattara,Pass,Beşiktaş JK,DF,11,True,1
Kassoum Ouattara,11,Beşiktaş JK,DF,True,9,Sub (82' in),Pass,82.3,13.45,98.17,10.52,True,Completed,6.4,Kassoum Ouattara,Pass,Beşiktaş JK,DF,11,True,1
Kassoum Ouattara,11,Beşiktaş JK,DF,True,9,Sub (82' in),Pass,62.42,15.54,78.12,29.31,False,Incompleted,6.4,Kassoum Ouattara,Pass,Beşiktaş JK,DF,11,False,0
Kassoum Ouattara,11,Beşiktaş JK,DF,True,9,Sub (82' in),Pass,72.83,21.63,95.57,2.0,True,Completed,6.4,Kassoum Ouattara,Pass,Beşiktaş JK,DF,11,True,1
Kassoum Ouattara,11,Beşiktaş JK,DF,True,9,Sub (82' in),Pass,70.17,11.83,86.84,18.0,True,Completed,6.4,Kassoum Ouattara,Pass,Beşiktaş JK,DF,11,True,1
Kassoum Ouattara,11,Beşiktaş JK,DF,True,9,Sub (82' in),Tackle,57.81,14.74,53.88,15.1,True,Won,6.4,Kassoum Ouattara,Tackle,Beşiktaş JK,DF,11,True,1
Doğan Alemdar,80,Beşiktaş JK,GK,True,0,Unused Sub,Pass,9.12,36.94,25.97,38.44,True,Completed,6.0,Doğan Alemdar,Pass,Beşiktaş JK,GK,80,True,1
Doğan Alemdar,80,Beşiktaş JK,GK,True,0,Unused Sub,Pass,9.49,37.03,37.58,49.05,True,Completed,6.0,Doğan Alemdar,Pass,Beşiktaş JK,GK,80,True,1
Doğan Alemdar,80,Beşiktaş JK,GK,True,0,Unused Sub,Pass,13.03,34.12,28.64,46.66,True,Completed,6.0,Doğan Alemdar,Pass,Beşiktaş JK,GK,80,True,1
Emmanuel Agbadou,12,Beşiktaş JK,DF,True,0,Unused Sub,Pass,51.86,28.34,82.51,34.32,True,Completed,6.0,Emmanuel Agbadou,Pass,Beşiktaş JK,DF,12,True,1
Emmanuel Agbadou,12,Beşiktaş JK,DF,True,0,Unused Sub,Pass,50.5,37.62,65.03,33.97,True,Completed,6.0,Emmanuel Agbadou,Pass,Beşiktaş JK,DF,12,True,1
Emmanuel Agbadou,12,Beşiktaş JK,DF,True,0,Unused Sub,Pass,50.39,32.39,70.94,51.6,True,Completed,6.0,Emmanuel Agbadou,Pass,Beşiktaş JK,DF,12,True,1
Emmanuel Agbadou,12,Beşiktaş JK,DF,True,0,Unused Sub,Pass,64.65,42.17,66.04,56.96,True,Completed,6.0,Emmanuel Agbadou,Pass,Beşiktaş JK,DF,12,True,1
Emmanuel Agbadou,12,Beşiktaş JK,DF,True,0,Unused Sub,Tackle,43.27,44.79,46.55,46.58,True,Won,6.0,Emmanuel Agbadou,Tackle,Beşiktaş JK,DF,12,True,1
Emmanuel Agbadou,12,Beşiktaş JK,DF,True,0,Unused Sub,Interception,56.08,35.14,64.28,30.44,True,Intercepted,6.0,Emmanuel Agbadou,Interception,Beşiktaş JK,DF,12,True,1
Taylan Bulut,22,Beşiktaş JK,DF,True,0,Unused Sub,Pass,50.03,53.25,79.18,66.62,True,Completed,6.0,Taylan Bulut,Pass,Beşiktaş JK,DF,22,True,1
Taylan Bulut,22,Beşiktaş JK,DF,True,0,Unused Sub,Pass,61.14,54.56,71.98,75.03,True,Completed,6.0,Taylan Bulut,Pass,Beşiktaş JK,DF,22,True,1
Taylan Bulut,22,Beşiktaş JK,DF,True,0,Unused Sub,Pass,55.75,76.0,79.64,66.1,True,Completed,6.0,Taylan Bulut,Pass,Beşiktaş JK,DF,22,True,1
Taylan Bulut,22,Beşiktaş JK,DF,True,0,Unused Sub,Pass,59.58,66.02,92.1,75.29,True,Completed,6.0,Taylan Bulut,Pass,Beşiktaş JK,DF,22,True,1
Taylan Bulut,22,Beşiktaş JK,DF,True,0,Unused Sub,Tackle,51.1,62.14,50.32,58.15,True,Won,6.0,Taylan Bulut,Tackle,Beşiktaş JK,DF,22,True,1
Yasin Özcan,58,Beşiktaş JK,DF,True,0,Unused Sub,Pass,55.51,11.78,72.99,22.06,True,Completed,6.0,Yasin Özcan,Pass,Beşiktaş JK,DF,58,True,1
Yasin Özcan,58,Beşiktaş JK,DF,True,0,Unused Sub,Pass,53.32,24.14,81.45,39.39,True,Completed,6.0,Yasin Özcan,Pass,Beşiktaş JK,DF,58,True,1
Yasin Özcan,58,Beşiktaş JK,DF,True,0,Unused Sub,Pass,49.95,14.61,71.27,29.65,True,Completed,6.0,Yasin Özcan,Pass,Beşiktaş JK,DF,58,True,1
Yasin Özcan,58,Beşiktaş JK,DF,True,0,Unused Sub,Pass,56.66,17.64,80.47,2.32,True,Completed,6.0,Yasin Özcan,Pass,Beşiktaş JK,DF,58,True,1
Yasin Özcan,58,Beşiktaş JK,DF,True,0,Unused Sub,Tackle,35.73,21.84,32.38,20.03,True,Won,6.0,Yasin Özcan,Tackle,Beşiktaş JK,DF,58,True,1
Wilfred Ndidi,4,Beşiktaş JK,MF,True,0,Unused Sub,Pass,69.3,31.93,95.87,54.26,True,Completed,6.0,Wilfred Ndidi,Pass,Beşiktaş JK,MF,4,True,1
Wilfred Ndidi,4,Beşiktaş JK,MF,True,0,Unused Sub,Pass,57.83,33.38,66.9,46.47,True,Completed,6.0,Wilfred Ndidi,Pass,Beşiktaş JK,MF,4,True,1
Wilfred Ndidi,4,Beşiktaş JK,MF,True,0,Unused Sub,Pass,57.29,22.29,67.32,39.41,True,Completed,6.0,Wilfred Ndidi,Pass,Beşiktaş JK,MF,4,True,1
Wilfred Ndidi,4,Beşiktaş JK,MF,True,0,Unused Sub,Pass,63.43,33.96,79.46,40.52,True,Completed,6.0,Wilfred Ndidi,Pass,Beşiktaş JK,MF,4,True,1
Wilfred Ndidi,4,Beşiktaş JK,MF,True,0,Unused Sub,Pass,65.37,35.17,88.63,49.29,True,Completed,6.0,Wilfred Ndidi,Pass,Beşiktaş JK,MF,4,True,1
Wilfred Ndidi,4,Beşiktaş JK,MF,True,0,Unused Sub,Tackle,52.48,50.08,53.89,47.38,True,Won,6.0,Wilfred Ndidi,Tackle,Beşiktaş JK,MF,4,True,1
Wilfred Ndidi,4,Beşiktaş JK,MF,True,0,Unused Sub,Interception,51.27,45.49,61.38,47.65,True,Intercepted,6.0,Wilfred Ndidi,Interception,Beşiktaş JK,MF,4,True,1
Kartal Kayra Yılmaz,8,Beşiktaş JK,MF,True,0,Unused Sub,Pass,66.96,49.4,85.95,42.07,True,Completed,6.0,Kartal Kayra Yılmaz,Pass,Beşiktaş JK,MF,8,True,1
Kartal Kayra Yılmaz,8,Beşiktaş JK,MF,True,0,Unused Sub,Pass,65.33,43.26,59.42,18.89,True,Completed,6.0,Kartal Kayra Yılmaz,Pass,Beşiktaş JK,MF,8,True,1
Kartal Kayra Yılmaz,8,Beşiktaş JK,MF,True,0,Unused Sub,Pass,70.21,43.18,95.26,50.29,True,Completed,6.0,Kartal Kayra Yılmaz,Pass,Beşiktaş JK,MF,8,True,1
Kartal Kayra Yılmaz,8,Beşiktaş JK,MF,True,0,Unused Sub,Pass,46.87,49.33,77.3,42.29,True,Completed,6.0,Kartal Kayra Yılmaz,Pass,Beşiktaş JK,MF,8,True,1
Kartal Kayra Yılmaz,8,Beşiktaş JK,MF,True,0,Unused Sub,Pass,72.73,32.33,85.33,27.83,True,Completed,6.0,Kartal Kayra Yılmaz,Pass,Beşiktaş JK,MF,8,True,1
Kartal Kayra Yılmaz,8,Beşiktaş JK,MF,True,0,Unused Sub,Tackle,38.26,35.29,40.54,31.66,True,Won,6.0,Kartal Kayra Yılmaz,Tackle,Beşiktaş JK,MF,8,True,1
Kartal Kayra Yılmaz,8,Beşiktaş JK,MF,True,0,Unused Sub,Interception,60.3,36.79,67.56,36.23,True,Intercepted,6.0,Kartal Kayra Yılmaz,Interception,Beşiktaş JK,MF,8,True,1
Semih Kılıçsoy,90,Beşiktaş JK,FW,True,0,Unused Sub,Pass,91.89,33.88,104.46,30.52,True,Completed,6.0,Semih Kılıçsoy,Pass,Beşiktaş JK,FW,90,True,1
Semih Kılıçsoy,90,Beşiktaş JK,FW,True,0,Unused Sub,Pass,84.19,43.51,100.83,50.55,True,Completed,6.0,Semih Kılıçsoy,Pass,Beşiktaş JK,FW,90,True,1
Semih Kılıçsoy,90,Beşiktaş JK,FW,True,0,Unused Sub,Pass,89.61,44.8,118.0,49.47,False,Incompleted,6.0,Semih Kılıçsoy,Pass,Beşiktaş JK,FW,90,False,0
Semih Kılıçsoy,90,Beşiktaş JK,FW,True,0,Unused Sub,Pass,93.77,59.44,109.21,51.57,True,Completed,6.0,Semih Kılıçsoy,Pass,Beşiktaş JK,FW,90,True,1
Semih Kılıçsoy,90,Beşiktaş JK,FW,True,0,Unused Sub,Shot,100.58,39.1,120.0,36.0,True,On Target / Blocked,6.0,Semih Kılıçsoy,Shot,Beşiktaş JK,FW,90,True,1
